取引日,出金金額（円）,入金金額（円）,海外出金金額,通貨,変換レート（円）,利用国,取引内容,取引先,取引方法,支払い区分,利用者,取引番号
2025/01/01 15:38:14,-,21,-,-,-,日本,ポイント、残高の獲得,セブン-イレブン 中央一丁目店,PayPayポイント,-,本人,05012200000009
2025/01/01 15:38:14,"1,426",-,-,-,-,日本,支払い,セブン-イレブン 中央一丁目店,PayPay残高,-,本人,05012200000009
2025/01/01 15:46:47,-,5,-,-,-,日本,ポイント、残高の獲得,ローソン - 駅前店,PayPayポイント,-,本人,05012200000010
2025/01/01 15:46:47,"1,064",-,-,-,-,日本,支払い,ローソン - 駅前店,クレジット Mastercard 0000,ー回払い,本人,05012200000010
2025/01/02 10:34:17,-,5,-,-,-,日本,ポイント、残高の獲得,タイムズ 中央第2,PayPayポイント,-,本人,05012200000012
2025/01/02 10:34:17,"1,194",-,-,-,-,日本,支払い,タイムズ 中央第2,PayPay残高,-,本人,05012200000012
2025/01/02 15:24:55,-,1,-,-,-,日本,ポイント、残高の獲得,ファミリーマート 本町店,PayPayポイント,-,本人,05012200000011
2025/01/02 15:24:55,307,-,-,-,-,日本,支払い,ファミリーマート 本町店,PayPay残高,-,本人,05012200000011
2025/01/03 09:37:41,-,8,-,-,-,日本,ポイント、残高の獲得,ファミリーマート 本町店,PayPayポイント,-,本人,05012200000013
2025/01/03 09:37:41,899,-,-,-,-,日本,支払い,ファミリーマート 本町店,クレジット Mastercard 0000,ー回払い,本人,05012200000013
2025/01/05 16:01:26,-,7,-,-,-,日本,ポイント、残高の獲得,ガスト - 中央店,PayPayポイント,-,本人,05012200000014
2025/01/05 16:01:26,"1,546",-,-,-,-,日本,支払い,ガスト - 中央店,PayPay残高,-,本人,05012200000014
2025/01/05 22:36:22,-,46,-,-,-,日本,ポイント、残高の獲得,Amazon.co.jp,PayPayポイント,-,本人,05012200000015
2025/01/05 22:36:22,"3,082",-,-,-,-,日本,支払い,Amazon.co.jp,PayPay残高,-,本人,05012200000015
2025/01/06 12:03:56,-,26,-,-,-,日本,ポイント、残高の獲得,スシロー - 大通り店,PayPayポイント,-,本人,05012200000018
2025/01/06 12:03:56,"2,667",-,-,-,-,日本,支払い,スシロー - 大通り店,PayPay残高,-,本人,05012200000018
2025/01/06 15:49:44,-,47,-,-,-,日本,ポイント、残高の獲得,ドン・キホーテ - 大通り店,PayPayポイント,-,本人,05012200000016
2025/01/06 15:49:44,"4,774",-,-,-,-,日本,支払い,ドン・キホーテ - 大通り店,PayPayあと払い,-,本人,05012200000016
2025/01/06 16:31:27,-,2,-,-,-,日本,ポイント、残高の獲得,スターバックス コーヒー - 駅ビル店,PayPayポイント,-,本人,05012200000017
2025/01/06 16:31:27,589,-,-,-,-,日本,支払い,スターバックス コーヒー - 駅ビル店,PayPay残高,-,本人,05012200000017
2025/01/07 07:38:40,-,2,-,-,-,日本,ポイント、残高の獲得,ドトールコーヒーショップ - 東口店,PayPayポイント,-,本人,05012200000020
2025/01/07 07:38:40,450,-,-,-,-,日本,支払い,ドトールコーヒーショップ - 東口店,PayPay残高,-,本人,05012200000020
2025/01/07 15:10:32,-,7,-,-,-,日本,ポイント、残高の獲得,交通系ICチャージ,PayPayポイント,-,本人,05012200000021
2025/01/07 15:10:32,"1,448",-,-,-,-,日本,支払い,交通系ICチャージ,PayPayあと払い,-,本人,05012200000021
2025/01/07 16:55:12,-,17,-,-,-,日本,ポイント、残高の獲得,イオン - 中央店,PayPayポイント,-,本人,05012200000019
2025/01/07 16:55:12,"3,530",-,-,-,-,日本,支払い,イオン - 中央店,PayPay残高,-,本人,05012200000019
2025/01/08 07:40:29,-,5,-,-,-,日本,ポイント、残高の獲得,ローソン - 駅前店,PayPayポイント,-,本人,05012200000022
2025/01/08 07:40:29,"1,080",-,-,-,-,日本,支払い,ローソン - 駅前店,PayPayあと払い,-,本人,05012200000022
2025/01/08 14:36:15,"1,590",-,-,-,-,日本,支払い,Netflix,クレジット Mastercard 0000,ー回払い,本人,05012200000002
2025/01/09 10:20:16,-,3,-,-,-,日本,ポイント、残高の獲得,ドトールコーヒーショップ - 東口店,PayPayポイント,-,本人,05012200000023
2025/01/09 10:20:16,704,-,-,-,-,日本,支払い,ドトールコーヒーショップ - 東口店,PayPay残高,-,本人,05012200000023
2025/01/09 12:05:44,"5,514",-,-,-,-,日本,支払い,水道料金 請求書払い,PayPay残高,-,本人,05012200000006
2025/01/09 20:58:01,-,"20,000",-,-,-,日本,チャージ,PayPay,PayPay残高,-,本人,05012200000008
2025/01/10 08:39:46,-,13,-,-,-,日本,ポイント、残高の獲得,Yahoo!ショッピング,PayPayポイント,-,本人,05012200000025
2025/01/10 08:39:46,"2,643",-,-,-,-,日本,支払い,Yahoo!ショッピング,PayPayあと払い,-,本人,05012200000025
2025/01/10 21:51:11,-,12,-,-,-,日本,ポイント、残高の獲得,セブン-イレブン 中央一丁目店,PayPayポイント,-,本人,05012200000024
2025/01/10 21:51:11,"1,242",-,-,-,-,日本,支払い,セブン-イレブン 中央一丁目店,PayPayあと払い,-,本人,05012200000024
2025/01/12 10:30:56,980,-,-,-,-,日本,支払い,Spotify,クレジット Mastercard 0000,ー回払い,本人,05012200000003
2025/01/13 13:35:14,-,17,-,-,-,日本,ポイント、残高の獲得,ファミリーマート 本町店,PayPayポイント,-,本人,05012200000026
2025/01/13 13:35:14,"1,179",-,-,-,-,日本,支払い,ファミリーマート 本町店,PayPayあと払い,-,本人,05012200000026
2025/01/15 07:49:43,-,76,-,-,-,日本,ポイント、残高の獲得,ドン・キホーテ - 大通り店,PayPayポイント,-,本人,05012200000027
2025/01/15 07:49:43,"5,084",-,-,-,-,日本,支払い,ドン・キホーテ - 大通り店,PayPay残高,-,本人,05012200000027
2025/01/15 08:36:49,-,"10,000",-,-,-,日本,チャージ,PayPay,PayPay残高,-,本人,05012200000007
2025/01/15 19:33:47,"4,196",-,-,-,-,日本,支払い,ガス料金 請求書払い,PayPay残高,-,本人,05012200000005
2025/01/18 07:17:44,"4,378",-,-,-,-,日本,支払い,ソフトバンク 携帯料金,クレジット Mastercard 0000,ー回払い,本人,05012200000001
2025/01/19 17:32:48,-,4,-,-,-,日本,ポイント、残高の獲得,業務スーパー 中央二丁目店,PayPayポイント,-,本人,05012200000028
2025/01/19 17:32:48,881,-,-,-,-,日本,支払い,業務スーパー 中央二丁目店,PayPay残高,-,本人,05012200000028
2025/01/20 09:32:29,-,10,-,-,-,日本,ポイント、残高の獲得,ローソン - 駅前店,PayPayポイント,-,本人,05012200000029
2025/01/20 09:32:29,"1,019",-,-,-,-,日本,支払い,ローソン - 駅前店,PayPayあと払い,-,本人,05012200000029
2025/01/21 07:05:21,-,25,-,-,-,日本,ポイント、残高の獲得,ウエルシア薬局 中央店,PayPayポイント,-,本人,05012200000032
2025/01/21 07:05:21,"1,723",-,-,-,-,日本,支払い,ウエルシア薬局 中央店,クレジット Mastercard 0000,ー回払い,本人,05012200000032
2025/01/21 09:21:33,-,68,-,-,-,日本,ポイント、残高の獲得,ドン・キホーテ - 大通り店,PayPayポイント,-,本人,05012200000030
2025/01/21 09:21:33,"4,567",-,-,-,-,日本,支払い,ドン・キホーテ - 大通り店,クレジット Mastercard 0000,ー回払い,本人,05012200000030
2025/01/21 11:22:34,"10,432",-,-,-,-,日本,支払い,電気料金 請求書払い,PayPay残高,-,本人,05012200000004
2025/01/21 14:10:44,-,9,-,-,-,日本,ポイント、残高の獲得,すき家 - 東口店,PayPayポイント,-,本人,05012200000031
2025/01/21 14:10:44,"1,907",-,-,-,-,日本,支払い,すき家 - 東口店,PayPayあと払い,-,本人,05012200000031
2025/01/21 18:18:59,-,14,-,-,-,日本,ポイント、残高の獲得,交通系ICチャージ,PayPayポイント,-,本人,05012200000033
2025/01/21 18:18:59,"2,980",-,-,-,-,日本,支払い,交通系ICチャージ,PayPayあと払い,-,本人,05012200000033
2025/01/22 08:13:45,-,6,-,-,-,日本,ポイント、残高の獲得,セブン-イレブン 中央一丁目店,PayPayポイント,-,本人,05012200000034
2025/01/22 08:13:45,608,-,-,-,-,日本,支払い,セブン-イレブン 中央一丁目店,クレジット Mastercard 0000,ー回払い,本人,05012200000034
2025/01/23 16:21:35,-,4,-,-,-,日本,ポイント、残高の獲得,セブン-イレブン 中央一丁目店,PayPayポイント,-,本人,05012200000035
2025/01/23 16:21:35,473,-,-,-,-,日本,支払い,セブン-イレブン 中央一丁目店,クレジット Mastercard 0000,ー回払い,本人,05012200000035
2025/01/23 22:41:06,-,12,-,-,-,日本,ポイント、残高の獲得,ガスト - 中央店,PayPayポイント,-,本人,05012200000036
2025/01/23 22:41:06,"2,520",-,-,-,-,日本,支払い,ガスト - 中央店,クレジット Mastercard 0000,ー回払い,本人,05012200000036
2025/01/25 12:14:35,-,42,-,-,-,日本,ポイント、残高の獲得,スシロー - 大通り店,PayPayポイント,-,本人,05012200000037
2025/01/25 12:14:35,"2,842",-,-,-,-,日本,支払い,スシロー - 大通り店,PayPayあと払い,-,本人,05012200000037
2025/01/26 15:30:31,-,2,-,-,-,日本,ポイント、残高の獲得,セブン-イレブン 中央一丁目店,PayPayポイント,-,本人,05012200000038
2025/01/26 15:30:31,521,-,-,-,-,日本,支払い,セブン-イレブン 中央一丁目店,クレジット Mastercard 0000,ー回払い,本人,05012200000038
2025/01/26 18:26:53,-,61,-,-,-,日本,ポイント、残高の獲得,Amazon.co.jp,PayPayポイント,-,本人,05012200000039
2025/01/26 18:26:53,"12,393",-,-,-,-,日本,支払い,Amazon.co.jp,クレジット Mastercard 0000,ー回払い,本人,05012200000039
2025/01/27 11:21:08,-,5,-,-,-,日本,ポイント、残高の獲得,セブン-イレブン 中央一丁目店,PayPayポイント,-,本人,05012200000040
2025/01/27 11:21:08,"1,166",-,-,-,-,日本,支払い,セブン-イレブン 中央一丁目店,PayPayあと払い,-,本人,05012200000040
2025/01/28 16:54:53,-,5,-,-,-,日本,ポイント、残高の獲得,ダイソー - 中央店,PayPayポイント,-,本人,05012200000041
2025/01/28 16:54:53,360,-,-,-,-,日本,支払い,ダイソー - 中央店,クレジット Mastercard 0000,ー回払い,本人,05012200000041
2025/01/29 13:24:01,-,2,-,-,-,日本,ポイント、残高の獲得,ブックオフ - 大通り店,PayPayポイント,-,本人,05012200000044
2025/01/29 13:24:01,598,-,-,-,-,日本,支払い,ブックオフ - 大通り店,PayPay残高,-,本人,05012200000044
2025/01/29 19:51:27,-,50,-,-,-,日本,ポイント、残高の獲得,イオン - 中央店,PayPayポイント,-,本人,05012200000042
2025/01/29 19:51:27,"3,382",-,-,-,-,日本,支払い,イオン - 中央店,PayPayあと払い,-,本人,05012200000042
2025/01/29 22:34:49,-,6,-,-,-,日本,ポイント、残高の獲得,ドトールコーヒーショップ - 東口店,PayPayポイント,-,本人,05012200000043
2025/01/29 22:34:49,664,-,-,-,-,日本,支払い,ドトールコーヒーショップ - 東口店,PayPay残高,-,本人,05012200000043
2025/01/30 15:31:40,-,4,-,-,-,日本,ポイント、残高の獲得,ファミリーマート 本町店,PayPayポイント,-,本人,05012200000045
2025/01/30 15:31:40,910,-,-,-,-,日本,支払い,ファミリーマート 本町店,PayPay残高,-,本人,05012200000045
2025/01/30 17:48:51,-,13,-,-,-,日本,ポイント、残高の獲得,業務スーパー 中央二丁目店,PayPayポイント,-,本人,05012200000046
2025/01/30 17:48:51,"2,646",-,-,-,-,日本,支払い,業務スーパー 中央二丁目店,PayPay残高,-,本人,05012200000046
2025/02/03 11:55:32,-,4,-,-,-,日本,ポイント、残高の獲得,スターバックス コーヒー - 駅ビル店,PayPayポイント,-,本人,05012200000054
2025/02/03 11:55:32,880,-,-,-,-,日本,支払い,スターバックス コーヒー - 駅ビル店,クレジット Mastercard 0000,ー回払い,本人,05012200000054
2025/02/03 13:04:51,-,7,-,-,-,日本,ポイント、残高の獲得,イオン - 中央店,PayPayポイント,-,本人,05012200000053
2025/02/03 13:04:51,"1,576",-,-,-,-,日本,支払い,イオン - 中央店,クレジット Mastercard 0000,ー回払い,本人,05012200000053
2025/02/03 14:58:04,-,27,-,-,-,日本,ポイント、残高の獲得,ウエルシア薬局 中央店,PayPayポイント,-,本人,05012200000055
2025/02/03 14:58:04,"2,758",-,-,-,-,日本,支払い,ウエルシア薬局 中央店,クレジット Mastercard 0000,ー回払い,本人,05012200000055
2025/02/04 11:42:34,-,64,-,-,-,日本,ポイント、残高の獲得,イオン - 中央店,PayPayポイント,-,本人,05012200000057
2025/02/04 11:42:34,"4,316",-,-,-,-,日本,支払い,イオン - 中央店,PayPay残高,-,本人,05012200000057
2025/02/04 13:13:02,-,2,-,-,-,日本,ポイント、残高の獲得,ローソン - 駅前店,PayPayポイント,-,本人,05012200000056
2025/02/04 13:13:02,549,-,-,-,-,日本,支払い,ローソン - 駅前店,PayPay残高,-,本人,05012200000056
2025/02/04 20:04:05,-,8,-,-,-,日本,ポイント、残高の獲得,スターバックス コーヒー - 駅ビル店,PayPayポイント,-,本人,05012200000058
2025/02/04 20:04:05,871,-,-,-,-,日本,支払い,スターバックス コーヒー - 駅ビル店,PayPayあと払い,-,本人,05012200000058
2025/02/06 07:36:07,-,6,-,-,-,日本,ポイント、残高の獲得,すき家 - 東口店,PayPayポイント,-,本人,05012200000059
2025/02/06 07:36:07,"1,283",-,-,-,-,日本,支払い,すき家 - 東口店,PayPayあと払い,-,本人,05012200000059
2025/02/07 21:39:01,-,10,-,-,-,日本,ポイント、残高の獲得,イオン - 中央店,PayPayポイント,-,本人,05012200000060
2025/02/07 21:39:01,"2,160",-,-,-,-,日本,支払い,イオン - 中央店,PayPay残高,-,本人,05012200000060
2025/02/08 19:52:56,"1,590",-,-,-,-,日本,支払い,Netflix,クレジット Mastercard 0000,ー回払い,本人,05012200000048
2025/02/08 20:51:14,-,4,-,-,-,日本,ポイント、残高の獲得,スターバックス コーヒー - 駅ビル店,PayPayポイント,-,本人,05012200000061
2025/02/08 20:51:14,956,-,-,-,-,日本,支払い,スターバックス コーヒー - 駅ビル店,PayPay残高,-,本人,05012200000061
2025/02/09 10:12:54,-,9,-,-,-,日本,ポイント、残高の獲得,交通系ICチャージ,PayPayポイント,-,本人,05012200000064
2025/02/09 10:12:54,"1,996",-,-,-,-,日本,支払い,交通系ICチャージ,PayPay残高,-,本人,05012200000064
2025/02/09 12:56:39,-,10,-,-,-,日本,ポイント、残高の獲得,スターバックス コーヒー - 駅ビル店,PayPayポイント,-,本人,05012200000063
2025/02/09 12:56:39,676,-,-,-,-,日本,支払い,スターバックス コーヒー - 駅ビル店,PayPayあと払い,-,本人,05012200000063
2025/02/09 16:22:46,-,3,-,-,-,日本,ポイント、残高の獲得,ローソン - 駅前店,PayPayポイント,-,本人,05012200000062
2025/02/09 16:22:46,780,-,-,-,-,日本,支払い,ローソン - 駅前店,クレジット Mastercard 0000,ー回払い,本人,05012200000062
2025/02/11 11:57:36,-,12,-,-,-,日本,ポイント、残高の獲得,すき家 - 東口店,PayPayポイント,-,本人,05012200000067
2025/02/11 11:57:36,"1,211",-,-,-,-,日本,支払い,すき家 - 東口店,PayPay残高,-,本人,05012200000067
2025/02/11 14:05:29,-,5,-,-,-,日本,ポイント、残高の獲得,セブン-イレブン 中央一丁目店,PayPayポイント,-,本人,05012200000065
2025/02/11 14:05:29,531,-,-,-,-,日本,支払い,セブン-イレブン 中央一丁目店,PayPay残高,-,本人,05012200000065
2025/02/11 14:44:05,-,"30,000",-,-,-,日本,チャージ,PayPay,PayPay残高,-,本人,05012200000052
2025/02/11 16:25:15,-,9,-,-,-,日本,ポイント、残高の獲得,スターバックス コーヒー - 駅ビル店,PayPayポイント,-,本人,05012200000066
2025/02/11 16:25:15,623,-,-,-,-,日本,支払い,スターバックス コーヒー - 駅ビル店,PayPay残高,-,本人,05012200000066
2025/02/12 18:28:41,980,-,-,-,-,日本,支払い,Spotify,クレジット Mastercard 0000,ー回払い,本人,05012200000049
2025/02/13 12:02:05,-,12,-,-,-,日本,ポイント、残高の獲得,スターバックス コーヒー - 駅ビル店,PayPayポイント,-,本人,05012200000068
2025/02/13 12:02:05,835,-,-,-,-,日本,支払い,スターバックス コーヒー - 駅ビル店,PayPayあと払い,-,本人,05012200000068
2025/02/14 13:08:24,-,14,-,-,-,日本,ポイント、残高の獲得,ダイソー - 中央店,PayPayポイント,-,本人,05012200000069
2025/02/14 13:08:24,"1,481",-,-,-,-,日本,支払い,ダイソー - 中央店,クレジット Mastercard 0000,ー回払い,本人,05012200000069
2025/02/15 07:41:53,-,5,-,-,-,日本,ポイント、残高の獲得,ローソン - 駅前店,PayPayポイント,-,本人,05012200000070
2025/02/15 07:41:53,"1,023",-,-,-,-,日本,支払い,ローソン - 駅前店,クレジット Mastercard 0000,ー回払い,本人,05012200000070
2025/02/15 10:08:02,"4,245",-,-,-,-,日本,支払い,ガス料金 請求書払い,PayPay残高,-,本人,05012200000051
2025/02/17 19:41:46,-,10,-,-,-,日本,ポイント、残高の獲得,すき家 - 東口店,PayPayポイント,-,本人,05012200000071
2025/02/17 19:41:46,"2,171",-,-,-,-,日本,支払い,すき家 - 東口店,クレジット Mastercard 0000,ー回払い,本人,05012200000071
2025/02/18 17:07:15,-,11,-,-,-,日本,ポイント、残高の獲得,すき家 - 東口店,PayPayポイント,-,本人,05012200000072
2025/02/18 17:07:15,"2,245",-,-,-,-,日本,支払い,すき家 - 東口店,PayPayあと払い,-,本人,05012200000072
2025/02/18 21:07:52,"4,378",-,-,-,-,日本,支払い,ソフトバンク 携帯料金,クレジット Mastercard 0000,ー回払い,本人,05012200000047
2025/02/19 08:08:53,-,3,-,-,-,日本,ポイント、残高の獲得,スターバックス コーヒー - 駅ビル店,PayPayポイント,-,本人,05012200000075
2025/02/19 08:08:53,677,-,-,-,-,日本,支払い,スターバックス コーヒー - 駅ビル店,クレジット Mastercard 0000,ー回払い,本人,05012200000075
2025/02/19 14:53:53,-,4,-,-,-,日本,ポイント、残高の獲得,ファミリーマート 本町店,PayPayポイント,-,本人,05012200000074
2025/02/19 14:53:53,967,-,-,-,-,日本,支払い,ファミリーマート 本町店,クレジット Mastercard 0000,ー回払い,本人,05012200000074
2025/02/19 19:29:51,-,11,-,-,-,日本,ポイント、残高の獲得,ローソン - 駅前店,PayPayポイント,-,本人,05012200000073
2025/02/19 19:29:51,752,-,-,-,-,日本,支払い,ローソン - 駅前店,PayPay残高,-,本人,05012200000073
2025/02/20 10:55:03,-,33,-,-,-,日本,ポイント、残高の獲得,イオン - 中央店,PayPayポイント,-,本人,05012200000077
2025/02/20 10:55:03,"6,726",-,-,-,-,日本,支払い,イオン - 中央店,PayPayあと払い,-,本人,05012200000077
2025/02/20 16:05:07,-,7,-,-,-,日本,ポイント、残高の獲得,セブン-イレブン 中央一丁目店,PayPayポイント,-,本人,05012200000076
2025/02/20 16:05:07,706,-,-,-,-,日本,支払い,セブン-イレブン 中央一丁目店,PayPay残高,-,本人,05012200000076
2025/02/20 19:45:32,-,9,-,-,-,日本,ポイント、残高の獲得,丸亀製麺 本町,PayPayポイント,-,本人,05012200000078
2025/02/20 19:45:32,988,-,-,-,-,日本,支払い,丸亀製麺 本町,PayPay残高,-,本人,05012200000078
2025/02/21 07:05:39,"10,918",-,-,-,-,日本,支払い,電気料金 請求書払い,PayPay残高,-,本人,05012200000050
2025/02/21 21:49:41,-,11,-,-,-,日本,ポイント、残高の獲得,セブン-イレブン 中央一丁目店,PayPayポイント,-,本人,05012200000079
2025/02/21 21:49:41,"1,108",-,-,-,-,日本,支払い,セブン-イレブン 中央一丁目店,クレジット Mastercard 0000,ー回払い,本人,05012200000079
2025/02/22 10:22:38,-,21,-,-,-,日本,ポイント、残高の獲得,セブン-イレブン 中央一丁目店,PayPayポイント,-,本人,05012200000080
2025/02/22 10:22:38,"1,448",-,-,-,-,日本,支払い,セブン-イレブン 中央一丁目店,PayPayあと払い,-,本人,05012200000080
2025/02/24 16:55:11,-,5,-,-,-,日本,ポイント、残高の獲得,セブン-イレブン 中央一丁目店,PayPayポイント,-,本人,05012200000081
2025/02/24 16:55:11,"1,144",-,-,-,-,日本,支払い,セブン-イレブン 中央一丁目店,PayPayあと払い,-,本人,05012200000081
2025/02/25 07:32:03,-,21,-,-,-,日本,ポイント、残高の獲得,ニトリ - 北町店,PayPayポイント,-,本人,05012200000082
2025/02/25 07:32:03,"4,225",-,-,-,-,日本,支払い,ニトリ - 北町店,PayPay残高,-,本人,05012200000082
2025/02/26 07:55:47,-,53,-,-,-,日本,ポイント、残高の獲得,Amazon.co.jp,PayPayポイント,-,本人,05012200000084
2025/02/26 07:55:47,"10,634",-,-,-,-,日本,支払い,Amazon.co.jp,PayPay残高,-,本人,05012200000084
2025/02/26 20:20:24,-,9,-,-,-,日本,ポイント、残高の獲得,ドトールコーヒーショップ - 東口店,PayPayポイント,-,本人,05012200000083
2025/02/26 20:20:24,652,-,-,-,-,日本,支払い,ドトールコーヒーショップ - 東口店,PayPayあと払い,-,本人,05012200000083
2025/02/26 22:32:56,-,11,-,-,-,日本,ポイント、残高の獲得,ダイソー - 中央店,PayPayポイント,-,本人,05012200000085
2025/02/26 22:32:56,793,-,-,-,-,日本,支払い,ダイソー - 中央店,PayPay残高,-,本人,05012200000085
2025/02/27 10:05:35,-,5,-,-,-,日本,ポイント、残高の獲得,ローソン - 駅前店,PayPayポイント,-,本人,05012200000086
2025/02/27 10:05:35,"1,115",-,-,-,-,日本,支払い,ローソン - 駅前店,PayPay残高,-,本人,05012200000086
2025/02/27 15:59:46,-,25,-,-,-,日本,ポイント、残高の獲得,すき家 - 東口店,PayPayポイント,-,本人,05012200000087
2025/02/27 15:59:46,"1,699",-,-,-,-,日本,支払い,すき家 - 東口店,PayPayあと払い,-,本人,05012200000087
2025/02/28 10:03:52,-,3,-,-,-,日本,ポイント、残高の獲得,セブン-イレブン 中央一丁目店,PayPayポイント,-,本人,05012200000088
2025/02/28 10:03:52,710,-,-,-,-,日本,支払い,セブン-イレブン 中央一丁目店,PayPay残高,-,本人,05012200000088
2025/02/28 20:44:04,-,7,-,-,-,日本,ポイント、残高の獲得,ローソン - 駅前店,PayPayポイント,-,本人,05012200000089
2025/02/28 20:44:04,490,-,-,-,-,日本,支払い,ローソン - 駅前店,PayPayあと払い,-,本人,05012200000089
2025/03/01 08:31:27,-,13,-,-,-,日本,ポイント、残高の獲得,TOHOシネマズ - 駅前,PayPayポイント,-,本人,05012200000098
2025/03/01 08:31:27,"2,726",-,-,-,-,日本,支払い,TOHOシネマズ - 駅前,PayPay残高,-,本人,05012200000098
2025/03/02 12:36:21,-,5,-,-,-,日本,ポイント、残高の獲得,セブン-イレブン 中央一丁目店,PayPayポイント,-,本人,05012200000099
2025/03/02 12:36:21,361,-,-,-,-,日本,支払い,セブン-イレブン 中央一丁目店,PayPayあと払い,-,本人,05012200000099
2025/03/02 15:27:04,-,"30,000",-,-,-,日本,チャージ,PayPay,PayPay残高,-,本人,05012200000096
2025/03/04 10:31:47,-,26,-,-,-,日本,ポイント、残高の獲得,イオン - 中央店,PayPayポイント,-,本人,05012200000100
2025/03/04 10:31:47,"5,295",-,-,-,-,日本,支払い,イオン - 中央店,PayPayあと払い,-,本人,05012200000100
2025/03/06 10:44:54,-,2,-,-,-,日本,ポイント、残高の獲得,ドトールコーヒーショップ - 東口店,PayPayポイント,-,本人,05012200000103
2025/03/06 10:44:54,537,-,-,-,-,日本,支払い,ドトールコーヒーショップ - 東口店,PayPayあと払い,-,本人,05012200000103
2025/03/06 14:07:10,-,12,-,-,-,日本,ポイント、残高の獲得,セブン-イレブン 中央一丁目店,PayPayポイント,-,本人,05012200000101
2025/03/06 14:07:10,"1,237",-,-,-,-,日本,支払い,セブン-イレブン 中央一丁目店,クレジット Mastercard 0000,ー回払い,本人,05012200000101
2025/03/06 21:28:19,-,4,-,-,-,日本,ポイント、残高の獲得,スターバックス コーヒー - 駅ビル店,PayPayポイント,-,本人,05012200000102
2025/03/06 21:28:19,844,-,-,-,-,日本,支払い,スターバックス コーヒー - 駅ビル店,PayPayあと払い,-,本人,05012200000102
2025/03/07 19:10:59,-,3,-,-,-,日本,ポイント、残高の獲得,スターバックス コーヒー - 駅ビル店,PayPayポイント,-,本人,05012200000104
2025/03/07 19:10:59,749,-,-,-,-,日本,支払い,スターバックス コーヒー - 駅ビル店,クレジット Mastercard 0000,ー回払い,本人,05012200000104
2025/03/08 09:20:39,-,13,-,-,-,日本,ポイント、残高の獲得,ローソン - 駅前店,PayPayポイント,-,本人,05012200000105
2025/03/08 09:20:39,928,-,-,-,-,日本,支払い,ローソン - 駅前店,PayPay残高,-,本人,05012200000105
2025/03/08 15:19:21,-,8,-,-,-,日本,ポイント、残高の獲得,丸亀製麺 本町,PayPayポイント,-,本人,05012200000106
2025/03/08 15:19:21,"1,666",-,-,-,-,日本,支払い,丸亀製麺 本町,PayPay残高,-,本人,05012200000106
2025/03/08 20:01:10,"1,590",-,-,-,-,日本,支払い,Netflix,クレジット Mastercard 0000,ー回払い,本人,05012200000091
2025/03/09 07:41:41,-,12,-,-,-,日本,ポイント、残高の獲得,すき家 - 東口店,PayPayポイント,-,本人,05012200000107
2025/03/09 07:41:41,"1,287",-,-,-,-,日本,支払い,すき家 - 東口店,クレジット Mastercard 0000,ー回払い,本人,05012200000107
2025/03/09 22:13:40,"4,795",-,-,-,-,日本,支払い,水道料金 請求書払い,PayPay残高,-,本人,05012200000095
2025/03/10 20:38:55,-,5,-,-,-,日本,ポイント、残高の獲得,ローソン - 駅前店,PayPayポイント,-,本人,05012200000108
2025/03/10 20:38:55,"1,171",-,-,-,-,日本,支払い,ローソン - 駅前店,クレジット Mastercard 0000,ー回払い,本人,05012200000108
2025/03/11 13:53:44,-,2,-,-,-,日本,ポイント、残高の獲得,スターバックス コーヒー - 駅ビル店,PayPayポイント,-,本人,05012200000110
2025/03/11 13:53:44,588,-,-,-,-,日本,支払い,スターバックス コーヒー - 駅ビル店,PayPay残高,-,本人,05012200000110
2025/03/11 14:50:50,-,2,-,-,-,日本,ポイント、残高の獲得,ファミリーマート 本町店,PayPayポイント,-,本人,05012200000109
2025/03/11 14:50:50,436,-,-,-,-,日本,支払い,ファミリーマート 本町店,PayPayあと払い,-,本人,05012200000109
2025/03/12 07:48:14,980,-,-,-,-,日本,支払い,Spotify,クレジット Mastercard 0000,ー回払い,本人,05012200000092
2025/03/12 11:05:43,-,2,-,-,-,日本,ポイント、残高の獲得,ドトールコーヒーショップ - 東口店,PayPayポイント,-,本人,05012200000111
2025/03/12 11:05:43,539,-,-,-,-,日本,支払い,ドトールコーヒーショップ - 東口店,PayPay残高,-,本人,05012200000111
2025/03/13 09:12:07,-,4,-,-,-,日本,ポイント、残高の獲得,ローソン - 駅前店,PayPayポイント,-,本人,05012200000112
2025/03/13 09:12:07,944,-,-,-,-,日本,支払い,ローソン - 駅前店,クレジット Mastercard 0000,ー回払い,本人,05012200000112
2025/03/13 12:48:19,-,49,-,-,-,日本,ポイント、残高の獲得,イオン - 中央店,PayPayポイント,-,本人,05012200000113
2025/03/13 12:48:19,"4,966",-,-,-,-,日本,支払い,イオン - 中央店,PayPay残高,-,本人,05012200000113
2025/03/15 11:29:42,-,4,-,-,-,日本,ポイント、残高の獲得,業務スーパー 中央二丁目店,PayPayポイント,-,本人,05012200000114
2025/03/15 11:29:42,910,-,-,-,-,日本,支払い,業務スーパー 中央二丁目店,PayPay残高,-,本人,05012200000114
2025/03/15 11:38:36,-,9,-,-,-,日本,ポイント、残高の獲得,サイゼリヤ - 中央店,PayPayポイント,-,本人,05012200000115
2025/03/15 11:38:36,"1,820",-,-,-,-,日本,支払い,サイゼリヤ - 中央店,PayPayあと払い,-,本人,05012200000115
2025/03/15 16:43:26,"5,770",-,-,-,-,日本,支払い,ガス料金 請求書払い,PayPay残高,-,本人,05012200000094
2025/03/16 22:59:34,-,26,-,-,-,日本,ポイント、残高の獲得,業務スーパー 中央二丁目店,PayPayポイント,-,本人,05012200000116
2025/03/16 22:59:34,"1,769",-,-,-,-,日本,支払い,業務スーパー 中央二丁目店,クレジット Mastercard 0000,ー回払い,本人,05012200000116
2025/03/17 19:42:14,-,20,-,-,-,日本,ポイント、残高の獲得,QBハウス - 駅前店,PayPayポイント,-,本人,05012200000119
2025/03/17 19:42:14,"1,350",-,-,-,-,日本,支払い,QBハウス - 駅前店,クレジット Mastercard 0000,ー回払い,本人,05012200000119
2025/03/17 20:30:17,-,4,-,-,-,日本,ポイント、残高の獲得,スターバックス コーヒー - 駅ビル店,PayPayポイント,-,本人,05012200000118
2025/03/17 20:30:17,887,-,-,-,-,日本,支払い,スターバックス コーヒー - 駅ビル店,クレジット Mastercard 0000,ー回払い,本人,05012200000118
2025/03/17 20:50:47,-,33,-,-,-,日本,ポイント、残高の獲得,イオン - 中央店,PayPayポイント,-,本人,05012200000117
2025/03/17 20:50:47,"3,399",-,-,-,-,日本,支払い,イオン - 中央店,PayPay残高,-,本人,05012200000117
2025/03/18 15:06:37,"4,378",-,-,-,-,日本,支払い,ソフトバンク 携帯料金,クレジット Mastercard 0000,ー回払い,本人,05012200000090
2025/03/19 14:50:47,-,31,-,-,-,日本,ポイント、残高の獲得,イオン - 中央店,PayPayポイント,-,本人,05012200000120
2025/03/19 14:50:47,"6,375",-,-,-,-,日本,支払い,イオン - 中央店,PayPayあと払い,-,本人,05012200000120
2025/03/20 16:18:25,-,49,-,-,-,日本,ポイント、残高の獲得,ドン・キホーテ - 大通り店,PayPayポイント,-,本人,05012200000121
2025/03/20 16:18:25,"4,980",-,-,-,-,日本,支払い,ドン・キホーテ - 大通り店,PayPay残高,-,本人,05012200000121
2025/03/21 10:12:28,-,13,-,-,-,日本,ポイント、残高の獲得,業務スーパー 中央二丁目店,PayPayポイント,-,本人,05012200000123
2025/03/21 10:12:28,"2,716",-,-,-,-,日本,支払い,業務スーパー 中央二丁目店,PayPay残高,-,本人,05012200000123
2025/03/21 14:05:44,"6,575",-,-,-,-,日本,支払い,電気料金 請求書払い,PayPay残高,-,本人,05012200000093
2025/03/21 18:22:02,-,4,-,-,-,日本,ポイント、残高の獲得,交通系ICチャージ,PayPayポイント,-,本人,05012200000125
2025/03/21 18:22:02,915,-,-,-,-,日本,支払い,交通系ICチャージ,PayPay残高,-,本人,05012200000125
2025/03/21 18:50:23,-,85,-,-,-,日本,ポイント、残高の獲得,イオン - 中央店,PayPayポイント,-,本人,05012200000122
2025/03/21 18:50:23,"5,728",-,-,-,-,日本,支払い,イオン - 中央店,PayPay残高,-,本人,05012200000122
2025/03/21 22:35:39,-,39,-,-,-,日本,ポイント、残高の獲得,Amazon.co.jp,PayPayポイント,-,本人,05012200000124
2025/03/21 22:35:39,"2,635",-,-,-,-,日本,支払い,Amazon.co.jp,PayPayあと払い,-,本人,05012200000124
2025/03/22 19:43:03,-,6,-,-,-,日本,ポイント、残高の獲得,ドトールコーヒーショップ - 東口店,PayPayポイント,-,本人,05012200000126
2025/03/22 19:43:03,606,-,-,-,-,日本,支払い,ドトールコーヒーショップ - 東口店,PayPay残高,-,本人,05012200000126
2025/03/23 08:06:40,-,9,-,-,-,日本,ポイント、残高の獲得,イオン - 中央店,PayPayポイント,-,本人,05012200000127
2025/03/23 08:06:40,"1,997",-,-,-,-,日本,支払い,イオン - 中央店,PayPay残高,-,本人,05012200000127
2025/03/23 21:36:17,-,16,-,-,-,日本,ポイント、残高の獲得,ガスト - 中央店,PayPayポイント,-,本人,05012200000128
2025/03/23 21:36:17,"1,103",-,-,-,-,日本,支払い,ガスト - 中央店,PayPay残高,-,本人,05012200000128
2025/03/24 09:36:13,-,3,-,-,-,日本,ポイント、残高の獲得,スターバックス コーヒー - 駅ビル店,PayPayポイント,-,本人,05012200000129
2025/03/24 09:36:13,733,-,-,-,-,日本,支払い,スターバックス コーヒー - 駅ビル店,クレジット Mastercard 0000,ー回払い,本人,05012200000129
2025/03/24 11:18:33,-,14,-,-,-,日本,ポイント、残高の獲得,丸亀製麺 本町,PayPayポイント,-,本人,05012200000130
2025/03/24 11:18:33,"1,407",-,-,-,-,日本,支払い,丸亀製麺 本町,PayPayあと払い,-,本人,05012200000130
2025/03/26 15:05:20,-,12,-,-,-,日本,ポイント、残高の獲得,イオン - 中央店,PayPayポイント,-,本人,05012200000131
2025/03/26 15:05:20,"2,463",-,-,-,-,日本,支払い,イオン - 中央店,PayPay残高,-,本人,05012200000131
2025/03/27 18:13:18,-,2,-,-,-,日本,ポイント、残高の獲得,ブックオフ - 大通り店,PayPayポイント,-,本人,05012200000133
2025/03/27 18:13:18,546,-,-,-,-,日本,支払い,ブックオフ - 大通り店,PayPay残高,-,本人,05012200000133
2025/03/27 21:10:07,-,25,-,-,-,日本,ポイント、残高の獲得,スシロー - 大通り店,PayPayポイント,-,本人,05012200000132
2025/03/27 21:10:07,"5,147",-,-,-,-,日本,支払い,スシロー - 大通り店,PayPayあと払い,-,本人,05012200000132
2025/03/27 21:14:00,-,"30,000",-,-,-,日本,チャージ,PayPay,PayPay残高,-,本人,05012200000097
2025/03/30 20:12:33,-,71,-,-,-,日本,ポイント、残高の獲得,Amazon.co.jp,PayPayポイント,-,本人,05012200000134
2025/03/30 20:12:33,"14,349",-,-,-,-,日本,支払い,Amazon.co.jp,PayPay残高,-,本人,05012200000134
2025/03/31 22:19:21,-,5,-,-,-,日本,ポイント、残高の獲得,タイムズ 中央第2,PayPayポイント,-,本人,05012200000135
2025/03/31 22:19:21,516,-,-,-,-,日本,支払い,タイムズ 中央第2,PayPayあと払い,-,本人,05012200000135
2025/04/03 18:31:01,-,13,-,-,-,日本,ポイント、残高の獲得,セブン-イレブン 中央一丁目店,PayPayポイント,-,本人,05012200000143
2025/04/03 18:31:01,928,-,-,-,-,日本,支払い,セブン-イレブン 中央一丁目店,PayPay残高,-,本人,05012200000143
2025/04/05 12:12:38,-,4,-,-,-,日本,ポイント、残高の獲得,セブン-イレブン 中央一丁目店,PayPayポイント,-,本人,05012200000144
2025/04/05 12:12:38,907,-,-,-,-,日本,支払い,セブン-イレブン 中央一丁目店,PayPay残高,-,本人,05012200000144
2025/04/06 17:23:12,-,5,-,-,-,日本,ポイント、残高の獲得,ローソン - 駅前店,PayPayポイント,-,本人,05012200000145
2025/04/06 17:23:12,"1,187",-,-,-,-,日本,支払い,ローソン - 駅前店,PayPay残高,-,本人,05012200000145
2025/04/06 18:39:50,-,11,-,-,-,日本,ポイント、残高の獲得,イオン - 中央店,PayPayポイント,-,本人,05012200000146
2025/04/06 18:39:50,"2,285",-,-,-,-,日本,支払い,イオン - 中央店,PayPay残高,-,本人,05012200000146
2025/04/07 10:40:29,-,23,-,-,-,日本,ポイント、残高の獲得,ニトリ - 北町店,PayPayポイント,-,本人,05012200000147
2025/04/07 10:40:29,"4,658",-,-,-,-,日本,支払い,ニトリ - 北町店,PayPay残高,-,本人,05012200000147
2025/04/08 13:42:22,-,6,-,-,-,日本,ポイント、残高の獲得,イオン - 中央店,PayPayポイント,-,本人,05012200000148
2025/04/08 13:42:22,"1,374",-,-,-,-,日本,支払い,イオン - 中央店,PayPay残高,-,本人,05012200000148
2025/04/08 18:52:26,"1,590",-,-,-,-,日本,支払い,Netflix,クレジット Mastercard 0000,ー回払い,本人,05012200000137
2025/04/09 17:36:15,-,2,-,-,-,日本,ポイント、残高の獲得,スターバックス コーヒー - 駅ビル店,PayPayポイント,-,本人,05012200000151
2025/04/09 17:36:15,531,-,-,-,-,日本,支払い,スターバックス コーヒー - 駅ビル店,PayPay残高,-,本人,05012200000151
2025/04/09 17:38:26,-,6,-,-,-,日本,ポイント、残高の獲得,ローソン - 駅前店,PayPayポイント,-,本人,05012200000149
2025/04/09 17:38:26,415,-,-,-,-,日本,支払い,ローソン - 駅前店,PayPay残高,-,本人,05012200000149
2025/04/09 20:38:27,-,6,-,-,-,日本,ポイント、残高の獲得,ファミリーマート 本町店,PayPayポイント,-,本人,05012200000150
2025/04/09 20:38:27,"1,292",-,-,-,-,日本,支払い,ファミリーマート 本町店,PayPayあと払い,-,本人,05012200000150
2025/04/11 11:27:17,-,10,-,-,-,日本,ポイント、残高の獲得,ドトールコーヒーショップ - 東口店,PayPayポイント,-,本人,05012200000152
2025/04/11 11:27:17,681,-,-,-,-,日本,支払い,ドトールコーヒーショップ - 東口店,PayPay残高,-,本人,05012200000152
2025/04/12 09:23:24,980,-,-,-,-,日本,支払い,Spotify,クレジット Mastercard 0000,ー回払い,本人,05012200000138
2025/04/13 07:04:59,-,"10,000",-,-,-,日本,チャージ,PayPay,PayPay残高,-,本人,05012200000141
2025/04/13 09:08:43,-,83,-,-,-,日本,ポイント、残高の獲得,Yahoo!ショッピング,PayPayポイント,-,本人,05012200000155
2025/04/13 09:08:43,"5,561",-,-,-,-,日本,支払い,Yahoo!ショッピング,PayPay残高,-,本人,05012200000155
2025/04/13 10:37:20,-,3,-,-,-,日本,ポイント、残高の獲得,スターバックス コーヒー - 駅ビル店,PayPayポイント,-,本人,05012200000153
2025/04/13 10:37:20,775,-,-,-,-,日本,支払い,スターバックス コーヒー - 駅ビル店,クレジット Mastercard 0000,ー回払い,本人,05012200000153
2025/04/13 13:10:37,-,14,-,-,-,日本,ポイント、残高の獲得,すき家 - 東口店,PayPayポイント,-,本人,05012200000154
2025/04/13 13:10:37,"1,493",-,-,-,-,日本,支払い,すき家 - 東口店,クレジット Mastercard 0000,ー回払い,本人,05012200000154
2025/04/14 14:55:37,-,11,-,-,-,日本,ポイント、残高の獲得,すき家 - 東口店,PayPayポイント,-,本人,05012200000156
2025/04/14 14:55:37,"2,378",-,-,-,-,日本,支払い,すき家 - 東口店,クレジット Mastercard 0000,ー回払い,本人,05012200000156
2025/04/15 15:52:30,"6,002",-,-,-,-,日本,支払い,ガス料金 請求書払い,PayPay残高,-,本人,05012200000140
2025/04/15 18:12:40,-,10,-,-,-,日本,ポイント、残高の獲得,イオン - 中央店,PayPayポイント,-,本人,05012200000157
2025/04/15 18:12:40,"2,098",-,-,-,-,日本,支払い,イオン - 中央店,PayPay残高,-,本人,05012200000157
2025/04/15 22:12:32,-,95,-,-,-,日本,ポイント、残高の獲得,Amazon.co.jp,PayPayポイント,-,本人,05012200000158
2025/04/15 22:12:32,"9,578",-,-,-,-,日本,支払い,Amazon.co.jp,クレジット Mastercard 0000,ー回払い,本人,05012200000158
2025/04/16 09:41:01,-,"20,000",-,-,-,日本,チャージ,PayPay,PayPay残高,-,本人,05012200000142
2025/04/16 19:42:37,-,20,-,-,-,日本,ポイント、残高の獲得,セブン-イレブン 中央一丁目店,PayPayポイント,-,本人,05012200000159
2025/04/16 19:42:37,"1,372",-,-,-,-,日本,支払い,セブン-イレブン 中央一丁目店,PayPay残高,-,本人,05012200000159
2025/04/17 09:01:24,-,79,-,-,-,日本,ポイント、残高の獲得,ドン・キホーテ - 大通り店,PayPayポイント,-,本人,05012200000161
2025/04/17 09:01:24,"7,948",-,-,-,-,日本,支払い,ドン・キホーテ - 大通り店,PayPay残高,-,本人,05012200000161
2025/04/17 16:13:03,-,4,-,-,-,日本,ポイント、残高の獲得,ファミリーマート 本町店,PayPayポイント,-,本人,05012200000160
2025/04/17 16:13:03,435,-,-,-,-,日本,支払い,ファミリーマート 本町店,クレジット Mastercard 0000,ー回払い,本人,05012200000160
2025/04/18 10:33:28,"4,378",-,-,-,-,日本,支払い,ソフトバンク 携帯料金,クレジット Mastercard 0000,ー回払い,本人,05012200000136
2025/04/18 16:37:26,-,19,-,-,-,日本,ポイント、残高の獲得,すき家 - 東口店,PayPayポイント,-,本人,05012200000162
2025/04/18 16:37:26,"1,270",-,-,-,-,日本,支払い,すき家 - 東口店,PayPay残高,-,本人,05012200000162
2025/04/20 08:43:08,-,35,-,-,-,日本,ポイント、残高の獲得,スシロー - 大通り店,PayPayポイント,-,本人,05012200000165
2025/04/20 08:43:08,"3,506",-,-,-,-,日本,支払い,スシロー - 大通り店,PayPayあと払い,-,本人,05012200000165
2025/04/20 18:49:47,-,27,-,-,-,日本,ポイント、残高の獲得,イオン - 中央店,PayPayポイント,-,本人,05012200000163
2025/04/20 18:49:47,"5,436",-,-,-,-,日本,支払い,イオン - 中央店,PayPayあと払い,-,本人,05012200000163
2025/04/20 20:38:36,-,13,-,-,-,日本,ポイント、残高の獲得,すき家 - 東口店,PayPayポイント,-,本人,05012200000164
2025/04/20 20:38:36,876,-,-,-,-,日本,支払い,すき家 - 東口店,PayPay残高,-,本人,05012200000164
2025/04/21 10:54:32,-,2,-,-,-,日本,ポイント、残高の獲得,セブン-イレブン 中央一丁目店,PayPayポイント,-,本人,05012200000166
2025/04/21 10:54:32,470,-,-,-,-,日本,支払い,セブン-イレブン 中央一丁目店,PayPay残高,-,本人,05012200000166
2025/04/21 20:29:11,"6,429",-,-,-,-,日本,支払い,電気料金 請求書払い,PayPay残高,-,本人,05012200000139
2025/04/23 15:15:15,-,43,-,-,-,日本,ポイント、残高の獲得,Yahoo!ショッピング,PayPayポイント,-,本人,05012200000167
2025/04/23 15:15:15,"8,705",-,-,-,-,日本,支払い,Yahoo!ショッピング,クレジット Mastercard 0000,ー回払い,本人,05012200000167
2025/04/28 07:44:12,-,16,-,-,-,日本,ポイント、残高の獲得,マツモトキヨシ - 東口店,PayPayポイント,-,本人,05012200000168
2025/04/28 07:44:12,"3,259",-,-,-,-,日本,支払い,マツモトキヨシ - 東口店,クレジット Mastercard 0000,ー回払い,本人,05012200000168
2025/05/01 15:55:38,-,1,-,-,-,日本,ポイント、残高の獲得,タイムズ 中央第2,PayPayポイント,-,本人,05012200000177
2025/05/01 15:55:38,362,-,-,-,-,日本,支払い,タイムズ 中央第2,PayPay残高,-,本人,05012200000177
2025/05/01 22:53:01,-,25,-,-,-,日本,ポイント、残高の獲得,ニトリ - 北町店,PayPayポイント,-,本人,05012200000176
2025/05/01 22:53:01,"5,099",-,-,-,-,日本,支払い,ニトリ - 北町店,PayPay残高,-,本人,05012200000176
2025/05/02 17:48:13,-,8,-,-,-,日本,ポイント、残高の獲得,セブン-イレブン 中央一丁目店,PayPayポイント,-,本人,05012200000178
2025/05/02 17:48:13,878,-,-,-,-,日本,支払い,セブン-イレブン 中央一丁目店,PayPay残高,-,本人,05012200000178
2025/05/03 22:40:37,-,10,-,-,-,日本,ポイント、残高の獲得,すき家 - 東口店,PayPayポイント,-,本人,05012200000179
2025/05/03 22:40:37,"2,173",-,-,-,-,日本,支払い,すき家 - 東口店,PayPay残高,-,本人,05012200000179
2025/05/05 09:34:31,-,10,-,-,-,日本,ポイント、残高の獲得,すき家 - 東口店,PayPayポイント,-,本人,05012200000180
2025/05/05 09:34:31,"2,045",-,-,-,-,日本,支払い,すき家 - 東口店,PayPay残高,-,本人,05012200000180
2025/05/06 07:38:47,-,26,-,-,-,日本,ポイント、残高の獲得,サイゼリヤ - 中央店,PayPayポイント,-,本人,05012200000182
2025/05/06 07:38:47,"2,663",-,-,-,-,日本,支払い,サイゼリヤ - 中央店,PayPay残高,-,本人,05012200000182
2025/05/06 15:34:45,-,8,-,-,-,日本,ポイント、残高の獲得,イオン - 中央店,PayPayポイント,-,本人,05012200000181
2025/05/06 15:34:45,"1,708",-,-,-,-,日本,支払い,イオン - 中央店,クレジット Mastercard 0000,ー回払い,本人,05012200000181
2025/05/08 14:54:14,"1,590",-,-,-,-,日本,支払い,Netflix,クレジット Mastercard 0000,ー回払い,本人,05012200000170
2025/05/08 21:34:11,-,11,-,-,-,日本,ポイント、残高の獲得,すき家 - 東口店,PayPayポイント,-,本人,05012200000183
2025/05/08 21:34:11,"2,220",-,-,-,-,日本,支払い,すき家 - 東口店,PayPay残高,-,本人,05012200000183
2025/05/09 09:22:06,"5,043",-,-,-,-,日本,支払い,水道料金 請求書払い,PayPay残高,-,本人,05012200000174
2025/05/09 12:29:35,-,12,-,-,-,日本,ポイント、残高の獲得,セブン-イレブン 中央一丁目店,PayPayポイント,-,本人,05012200000184
2025/05/09 12:29:35,"1,266",-,-,-,-,日本,支払い,セブン-イレブン 中央一丁目店,PayPay残高,-,本人,05012200000184
2025/05/09 13:28:43,-,31,-,-,-,日本,ポイント、残高の獲得,スシロー - 大通り店,PayPayポイント,-,本人,05012200000186
2025/05/09 13:28:43,"2,111",-,-,-,-,日本,支払い,スシロー - 大通り店,PayPayあと払い,-,本人,05012200000186
2025/05/09 21:53:04,-,12,-,-,-,日本,ポイント、残高の獲得,業務スーパー 中央二丁目店,PayPayポイント,-,本人,05012200000185
2025/05/09 21:53:04,"2,471",-,-,-,-,日本,支払い,業務スーパー 中央二丁目店,PayPay残高,-,本人,05012200000185
2025/05/10 20:36:55,-,3,-,-,-,日本,ポイント、残高の獲得,ドトールコーヒーショップ - 東口店,PayPayポイント,-,本人,05012200000187
2025/05/10 20:36:55,718,-,-,-,-,日本,支払い,ドトールコーヒーショップ - 東口店,PayPay残高,-,本人,05012200000187
2025/05/11 13:16:25,-,8,-,-,-,日本,ポイント、残高の獲得,スターバックス コーヒー - 駅ビル店,PayPayポイント,-,本人,05012200000188
2025/05/11 13:16:25,591,-,-,-,-,日本,支払い,スターバックス コーヒー - 駅ビル店,PayPayあと払い,-,本人,05012200000188
2025/05/12 13:21:08,-,26,-,-,-,日本,ポイント、残高の獲得,ドン・キホーテ - 大通り店,PayPayポイント,-,本人,05012200000189
2025/05/12 13:21:08,"2,671",-,-,-,-,日本,支払い,ドン・キホーテ - 大通り店,クレジット Mastercard 0000,ー回払い,本人,05012200000189
2025/05/12 22:54:39,980,-,-,-,-,日本,支払い,Spotify,クレジット Mastercard 0000,ー回払い,本人,05012200000171
2025/05/13 13:18:08,-,2,-,-,-,日本,ポイント、残高の獲得,セブン-イレブン 中央一丁目店,PayPayポイント,-,本人,05012200000190
2025/05/13 13:18:08,426,-,-,-,-,日本,支払い,セブン-イレブン 中央一丁目店,PayPay残高,-,本人,05012200000190
2025/05/14 12:26:02,-,9,-,-,-,日本,ポイント、残高の獲得,ファミリーマート 本町店,PayPayポイント,-,本人,05012200000191
2025/05/14 12:26:02,908,-,-,-,-,日本,支払い,ファミリーマート 本町店,クレジット Mastercard 0000,ー回払い,本人,05012200000191
2025/05/14 15:48:16,-,13,-,-,-,日本,ポイント、残高の獲得,スターバックス コーヒー - 駅ビル店,PayPayポイント,-,本人,05012200000192
2025/05/14 15:48:16,873,-,-,-,-,日本,支払い,スターバックス コーヒー - 駅ビル店,PayPay残高,-,本人,05012200000192
2025/05/15 10:58:47,"5,922",-,-,-,-,日本,支払い,ガス料金 請求書払い,PayPay残高,-,本人,05012200000173
2025/05/16 10:44:31,-,16,-,-,-,日本,ポイント、残高の獲得,すき家 - 東口店,PayPayポイント,-,本人,05012200000194
2025/05/16 10:44:31,"1,606",-,-,-,-,日本,支払い,すき家 - 東口店,PayPay残高,-,本人,05012200000194
2025/05/16 18:11:12,-,9,-,-,-,日本,ポイント、残高の獲得,ローソン - 駅前店,PayPayポイント,-,本人,05012200000193
2025/05/16 18:11:12,964,-,-,-,-,日本,支払い,ローソン - 駅前店,PayPayあと払い,-,本人,05012200000193
2025/05/17 14:36:23,-,3,-,-,-,日本,ポイント、残高の獲得,セブン-イレブン 中央一丁目店,PayPayポイント,-,本人,05012200000195
2025/05/17 14:36:23,779,-,-,-,-,日本,支払い,セブン-イレブン 中央一丁目店,PayPay残高,-,本人,05012200000195
2025/05/18 19:23:11,"4,378",-,-,-,-,日本,支払い,ソフトバンク 携帯料金,クレジット Mastercard 0000,ー回払い,本人,05012200000169
2025/05/19 10:36:49,-,7,-,-,-,日本,ポイント、残高の獲得,ドトールコーヒーショップ - 東口店,PayPayポイント,-,本人,05012200000196
2025/05/19 10:36:49,471,-,-,-,-,日本,支払い,ドトールコーヒーショップ - 東口店,PayPay残高,-,本人,05012200000196
2025/05/20 09:49:26,-,10,-,-,-,日本,ポイント、残高の獲得,交通系ICチャージ,PayPayポイント,-,本人,05012200000197
2025/05/20 09:49:26,"2,048",-,-,-,-,日本,支払い,交通系ICチャージ,PayPayあと払い,-,本人,05012200000197
2025/05/21 14:14:05,"7,019",-,-,-,-,日本,支払い,電気料金 請求書払い,PayPay残高,-,本人,05012200000172
2025/05/22 07:16:28,-,32,-,-,-,日本,ポイント、残高の獲得,ドン・キホーテ - 大通り店,PayPayポイント,-,本人,05012200000198
2025/05/22 07:16:28,"3,219",-,-,-,-,日本,支払い,ドン・キホーテ - 大通り店,PayPayあと払い,-,本人,05012200000198
2025/05/23 11:52:36,-,164,-,-,-,日本,ポイント、残高の獲得,ユニクロ - 大通り店,PayPayポイント,-,本人,05012200000200
2025/05/23 11:52:36,"10,960",-,-,-,-,日本,支払い,ユニクロ - 大通り店,PayPayあと払い,-,本人,05012200000200
2025/05/23 17:31:29,-,3,-,-,-,日本,ポイント、残高の獲得,ファミリーマート 本町店,PayPayポイント,-,本人,05012200000199
2025/05/23 17:31:29,705,-,-,-,-,日本,支払い,ファミリーマート 本町店,PayPay残高,-,本人,05012200000199
2025/05/24 12:50:13,-,1,-,-,-,日本,ポイント、残高の獲得,ローソン - 駅前店,PayPayポイント,-,本人,05012200000201
2025/05/24 12:50:13,389,-,-,-,-,日本,支払い,ローソン - 駅前店,PayPayあと払い,-,本人,05012200000201
2025/05/24 14:03:34,-,"10,000",-,-,-,日本,チャージ,PayPay,PayPay残高,-,本人,05012200000175
2025/05/24 15:04:22,-,42,-,-,-,日本,ポイント、残高の獲得,業務スーパー 中央二丁目店,PayPayポイント,-,本人,05012200000202
2025/05/24 15:04:22,"2,800",-,-,-,-,日本,支払い,業務スーパー 中央二丁目店,PayPay残高,-,本人,05012200000202
2025/05/24 17:17:59,-,5,-,-,-,日本,ポイント、残高の獲得,すき家 - 東口店,PayPayポイント,-,本人,05012200000203
2025/05/24 17:17:59,"1,182",-,-,-,-,日本,支払い,すき家 - 東口店,PayPay残高,-,本人,05012200000203
2025/05/25 17:13:40,-,18,-,-,-,日本,ポイント、残高の獲得,マクドナルド 西口店,PayPayポイント,-,本人,05012200000204
2025/05/25 17:13:40,"1,213",-,-,-,-,日本,支払い,マクドナルド 西口店,PayPay残高,-,本人,05012200000204
2025/05/26 11:35:35,-,4,-,-,-,日本,ポイント、残高の獲得,セブン-イレブン 中央一丁目店,PayPayポイント,-,本人,05012200000205
2025/05/26 11:35:35,829,-,-,-,-,日本,支払い,セブン-イレブン 中央一丁目店,PayPay残高,-,本人,05012200000205
2025/05/26 17:45:17,-,4,-,-,-,日本,ポイント、残高の獲得,スターバックス コーヒー - 駅ビル店,PayPayポイント,-,本人,05012200000206
2025/05/26 17:45:17,812,-,-,-,-,日本,支払い,スターバックス コーヒー - 駅ビル店,PayPay残高,-,本人,05012200000206
2025/05/27 10:34:56,-,11,-,-,-,日本,ポイント、残高の獲得,ダイソー - 中央店,PayPayポイント,-,本人,05012200000207
2025/05/27 10:34:56,"1,123",-,-,-,-,日本,支払い,ダイソー - 中央店,クレジット Mastercard 0000,ー回払い,本人,05012200000207
2025/05/28 15:46:06,-,3,-,-,-,日本,ポイント、残高の獲得,ドトールコーヒーショップ - 東口店,PayPayポイント,-,本人,05012200000208
2025/05/28 15:46:06,698,-,-,-,-,日本,支払い,ドトールコーヒーショップ - 東口店,PayPayあと払い,-,本人,05012200000208
2025/05/30 10:41:38,-,2,-,-,-,日本,ポイント、残高の獲得,セブン-イレブン 中央一丁目店,PayPayポイント,-,本人,05012200000209
2025/05/30 10:41:38,487,-,-,-,-,日本,支払い,セブン-イレブン 中央一丁目店,PayPay残高,-,本人,05012200000209
2025/06/01 19:52:36,-,10,-,-,-,日本,ポイント、残高の獲得,業務スーパー 中央二丁目店,PayPayポイント,-,本人,05012200000217
2025/06/01 19:52:36,"2,107",-,-,-,-,日本,支払い,業務スーパー 中央二丁目店,PayPayあと払い,-,本人,05012200000217
2025/06/02 10:04:33,-,"10,000",-,-,-,日本,チャージ,PayPay,PayPay残高,-,本人,05012200000215
2025/06/02 20:55:38,-,7,-,-,-,日本,ポイント、残高の獲得,ダイソー - 中央店,PayPayポイント,-,本人,05012200000218
2025/06/02 20:55:38,"1,524",-,-,-,-,日本,支払い,ダイソー - 中央店,PayPay残高,-,本人,05012200000218
2025/06/03 13:05:05,-,2,-,-,-,日本,ポイント、残高の獲得,ドトールコーヒーショップ - 東口店,PayPayポイント,-,本人,05012200000219
2025/06/03 13:05:05,400,-,-,-,-,日本,支払い,ドトールコーヒーショップ - 東口店,PayPayあと払い,-,本人,05012200000219
2025/06/04 13:58:04,-,8,-,-,-,日本,ポイント、残高の獲得,マクドナルド 西口店,PayPayポイント,-,本人,05012200000220
2025/06/04 13:58:04,"1,772",-,-,-,-,日本,支払い,マクドナルド 西口店,PayPayあと払い,-,本人,05012200000220
2025/06/05 20:37:38,-,70,-,-,-,日本,ポイント、残高の獲得,イオン - 中央店,PayPayポイント,-,本人,05012200000221
2025/06/05 20:37:38,"4,701",-,-,-,-,日本,支払い,イオン - 中央店,PayPay残高,-,本人,05012200000221
2025/06/06 10:07:56,-,94,-,-,-,日本,ポイント、残高の獲得,イオン - 中央店,PayPayポイント,-,本人,05012200000223
2025/06/06 10:07:56,"6,306",-,-,-,-,日本,支払い,イオン - 中央店,クレジット Mastercard 0000,ー回払い,本人,05012200000223
2025/06/06 22:53:36,-,2,-,-,-,日本,ポイント、残高の獲得,セブン-イレブン 中央一丁目店,PayPayポイント,-,本人,05012200000222
2025/06/06 22:53:36,507,-,-,-,-,日本,支払い,セブン-イレブン 中央一丁目店,PayPay残高,-,本人,05012200000222
2025/06/07 19:48:50,-,13,-,-,-,日本,ポイント、残高の獲得,イオン - 中央店,PayPayポイント,-,本人,05012200000224
2025/06/07 19:48:50,"2,688",-,-,-,-,日本,支払い,イオン - 中央店,PayPay残高,-,本人,05012200000224
2025/06/08 10:26:28,-,26,-,-,-,日本,ポイント、残高の獲得,イオン - 中央店,PayPayポイント,-,本人,05012200000225
2025/06/08 10:26:28,"5,305",-,-,-,-,日本,支払い,イオン - 中央店,PayPayあと払い,-,本人,05012200000225
2025/06/08 19:51:13,"1,590",-,-,-,-,日本,支払い,Netflix,クレジット Mastercard 0000,ー回払い,本人,05012200000211
2025/06/10 14:16:07,-,10,-,-,-,日本,ポイント、残高の獲得,セブン-イレブン 中央一丁目店,PayPayポイント,-,本人,05012200000226
2025/06/10 14:16:07,673,-,-,-,-,日本,支払い,セブン-イレブン 中央一丁目店,PayPay残高,-,本人,05012200000226
2025/06/10 17:42:21,-,18,-,-,-,日本,ポイント、残高の獲得,マクドナルド 西口店,PayPayポイント,-,本人,05012200000227
2025/06/10 17:42:21,"1,235",-,-,-,-,日本,支払い,マクドナルド 西口店,クレジット Mastercard 0000,ー回払い,本人,05012200000227
2025/06/10 20:44:43,-,18,-,-,-,日本,ポイント、残高の獲得,サイゼリヤ - 中央店,PayPayポイント,-,本人,05012200000228
2025/06/10 20:44:43,"3,624",-,-,-,-,日本,支払い,サイゼリヤ - 中央店,PayPay残高,-,本人,05012200000228
2025/06/11 09:47:16,-,28,-,-,-,日本,ポイント、残高の獲得,イオン - 中央店,PayPayポイント,-,本人,05012200000230
2025/06/11 09:47:16,"2,872",-,-,-,-,日本,支払い,イオン - 中央店,PayPay残高,-,本人,05012200000230
2025/06/11 17:31:29,-,13,-,-,-,日本,ポイント、残高の獲得,マツモトキヨシ - 東口店,PayPayポイント,-,本人,05012200000231
2025/06/11 17:31:29,"1,344",-,-,-,-,日本,支払い,マツモトキヨシ - 東口店,PayPay残高,-,本人,05012200000231
2025/06/11 17:32:07,-,19,-,-,-,日本,ポイント、残高の獲得,セブン-イレブン 中央一丁目店,PayPayポイント,-,本人,05012200000229
2025/06/11 17:32:07,"1,292",-,-,-,-,日本,支払い,セブン-イレブン 中央一丁目店,クレジット Mastercard 0000,ー回払い,本人,05012200000229
2025/06/12 08:25:20,-,2,-,-,-,日本,ポイント、残高の獲得,ドトールコーヒーショップ - 東口店,PayPayポイント,-,本人,05012200000233
2025/06/12 08:25:20,498,-,-,-,-,日本,支払い,ドトールコーヒーショップ - 東口店,クレジット Mastercard 0000,ー回払い,本人,05012200000233
2025/06/12 17:05:26,980,-,-,-,-,日本,支払い,Spotify,クレジット Mastercard 0000,ー回払い,本人,05012200000212
2025/06/12 17:39:45,-,35,-,-,-,日本,ポイント、残高の獲得,イオン - 中央店,PayPayポイント,-,本人,05012200000232
2025/06/12 17:39:45,"3,529",-,-,-,-,日本,支払い,イオン - 中央店,PayPayあと払い,-,本人,05012200000232
2025/06/13 19:39:24,-,5,-,-,-,日本,ポイント、残高の獲得,ダイソー - 中央店,PayPayポイント,-,本人,05012200000234
2025/06/13 19:39:24,"1,092",-,-,-,-,日本,支払い,ダイソー - 中央店,PayPay残高,-,本人,05012200000234
2025/06/14 07:14:03,-,4,-,-,-,日本,ポイント、残高の獲得,すき家 - 東口店,PayPayポイント,-,本人,05012200000236
2025/06/14 07:14:03,855,-,-,-,-,日本,支払い,すき家 - 東口店,PayPay残高,-,本人,05012200000236
2025/06/14 09:16:18,-,10,-,-,-,日本,ポイント、残高の獲得,イオン - 中央店,PayPayポイント,-,本人,05012200000235
2025/06/14 09:16:18,"2,050",-,-,-,-,日本,支払い,イオン - 中央店,PayPay残高,-,本人,05012200000235
2025/06/14 19:57:40,-,96,-,-,-,日本,ポイント、残高の獲得,ニトリ - 北町店,PayPayポイント,-,本人,05012200000237
2025/06/14 19:57:40,"9,686",-,-,-,-,日本,支払い,ニトリ - 北町店,PayPay残高,-,本人,05012200000237
2025/06/15 21:44:31,"4,031",-,-,-,-,日本,支払い,ガス料金 請求書払い,PayPay残高,-,本人,05012200000214
2025/06/16 13:20:35,-,6,-,-,-,日本,ポイント、残高の獲得,すき家 - 東口店,PayPayポイント,-,本人,05012200000238
2025/06/16 13:20:35,"1,363",-,-,-,-,日本,支払い,すき家 - 東口店,PayPayあと払い,-,本人,05012200000238
2025/06/17 07:08:34,-,52,-,-,-,日本,ポイント、残高の獲得,ドン・キホーテ - 大通り店,PayPayポイント,-,本人,05012200000240
2025/06/17 07:08:34,"5,282",-,-,-,-,日本,支払い,ドン・キホーテ - 大通り店,PayPay残高,-,本人,05012200000240
2025/06/17 20:37:49,-,12,-,-,-,日本,ポイント、残高の獲得,セブン-イレブン 中央一丁目店,PayPayポイント,-,本人,05012200000239
2025/06/17 20:37:49,854,-,-,-,-,日本,支払い,セブン-イレブン 中央一丁目店,PayPayあと払い,-,本人,05012200000239
2025/06/18 19:55:11,"4,378",-,-,-,-,日本,支払い,ソフトバンク 携帯料金,クレジット Mastercard 0000,ー回払い,本人,05012200000210
2025/06/20 13:40:20,-,36,-,-,-,日本,ポイント、残高の獲得,ドン・キホーテ - 大通り店,PayPayポイント,-,本人,05012200000242
2025/06/20 13:40:20,"7,355",-,-,-,-,日本,支払い,ドン・キホーテ - 大通り店,PayPay残高,-,本人,05012200000242
2025/06/20 19:21:19,-,2,-,-,-,日本,ポイント、残高の獲得,ドトールコーヒーショップ - 東口店,PayPayポイント,-,本人,05012200000243
2025/06/20 19:21:19,431,-,-,-,-,日本,支払い,ドトールコーヒーショップ - 東口店,クレジット Mastercard 0000,ー回払い,本人,05012200000243
2025/06/20 22:08:38,-,3,-,-,-,日本,ポイント、残高の獲得,セブン-イレブン 中央一丁目店,PayPayポイント,-,本人,05012200000241
2025/06/20 22:08:38,719,-,-,-,-,日本,支払い,セブン-イレブン 中央一丁目店,クレジット Mastercard 0000,ー回払い,本人,05012200000241
2025/06/21 09:35:37,"7,348",-,-,-,-,日本,支払い,電気料金 請求書払い,PayPay残高,-,本人,05012200000213
2025/06/23 09:28:20,-,4,-,-,-,日本,ポイント、残高の獲得,ファミリーマート 本町店,PayPayポイント,-,本人,05012200000244
2025/06/23 09:28:20,894,-,-,-,-,日本,支払い,ファミリーマート 本町店,PayPay残高,-,本人,05012200000244
2025/06/24 08:54:44,-,14,-,-,-,日本,ポイント、残高の獲得,ドン・キホーテ - 大通り店,PayPayポイント,-,本人,05012200000245
2025/06/24 08:54:44,"2,824",-,-,-,-,日本,支払い,ドン・キホーテ - 大通り店,PayPay残高,-,本人,05012200000245
2025/06/25 13:56:41,-,7,-,-,-,日本,ポイント、残高の獲得,ローソン - 駅前店,PayPayポイント,-,本人,05012200000246
2025/06/25 13:56:41,739,-,-,-,-,日本,支払い,ローソン - 駅前店,クレジット Mastercard 0000,ー回払い,本人,05012200000246
2025/06/26 18:47:36,-,3,-,-,-,日本,ポイント、残高の獲得,丸亀製麺 本町,PayPayポイント,-,本人,05012200000247
2025/06/26 18:47:36,677,-,-,-,-,日本,支払い,丸亀製麺 本町,クレジット Mastercard 0000,ー回払い,本人,05012200000247
2025/06/27 14:46:42,-,"10,000",-,-,-,日本,チャージ,PayPay,PayPay残高,-,本人,05012200000216
2025/06/29 10:39:37,-,10,-,-,-,日本,ポイント、残高の獲得,ファミリーマート 本町店,PayPayポイント,-,本人,05012200000248
2025/06/29 10:39:37,677,-,-,-,-,日本,支払い,ファミリーマート 本町店,クレジット Mastercard 0000,ー回払い,本人,05012200000248
2025/06/29 11:39:14,-,18,-,-,-,日本,ポイント、残高の獲得,Yahoo!ショッピング,PayPayポイント,-,本人,05012200000250
2025/06/29 11:39:14,"1,205",-,-,-,-,日本,支払い,Yahoo!ショッピング,PayPayあと払い,-,本人,05012200000250
2025/06/29 16:35:32,-,20,-,-,-,日本,ポイント、残高の獲得,マツモトキヨシ - 東口店,PayPayポイント,-,本人,05012200000249
2025/06/29 16:35:32,"1,383",-,-,-,-,日本,支払い,マツモトキヨシ - 東口店,PayPayあと払い,-,本人,05012200000249
2025/06/30 17:16:50,-,3,-,-,-,日本,ポイント、残高の獲得,セブン-イレブン 中央一丁目店,PayPayポイント,-,本人,05012200000251
2025/06/30 17:16:50,772,-,-,-,-,日本,支払い,セブン-イレブン 中央一丁目店,PayPay残高,-,本人,05012200000251
2025/06/30 22:54:41,-,12,-,-,-,日本,ポイント、残高の獲得,ファミリーマート 本町店,PayPayポイント,-,本人,05012200000252
2025/06/30 22:54:41,862,-,-,-,-,日本,支払い,ファミリーマート 本町店,クレジット Mastercard 0000,ー回払い,本人,05012200000252
2025/07/02 19:18:28,-,40,-,-,-,日本,ポイント、残高の獲得,イオン - 中央店,PayPayポイント,-,本人,05012200000260
2025/07/02 19:18:28,"4,028",-,-,-,-,日本,支払い,イオン - 中央店,クレジット Mastercard 0000,ー回払い,本人,05012200000260
2025/07/03 12:00:41,-,13,-,-,-,日本,ポイント、残高の獲得,業務スーパー 中央二丁目店,PayPayポイント,-,本人,05012200000261
2025/07/03 12:00:41,"2,712",-,-,-,-,日本,支払い,業務スーパー 中央二丁目店,クレジット Mastercard 0000,ー回払い,本人,05012200000261
2025/07/07 12:38:32,-,32,-,-,-,日本,ポイント、残高の獲得,ドン・キホーテ - 大通り店,PayPayポイント,-,本人,05012200000262
2025/07/07 12:38:32,"3,212",-,-,-,-,日本,支払い,ドン・キホーテ - 大通り店,クレジット Mastercard 0000,ー回払い,本人,05012200000262
2025/07/08 10:40:33,"1,590",-,-,-,-,日本,支払い,Netflix,クレジット Mastercard 0000,ー回払い,本人,05012200000254
2025/07/09 08:48:31,-,12,-,-,-,日本,ポイント、残高の獲得,業務スーパー 中央二丁目店,PayPayポイント,-,本人,05012200000263
2025/07/09 08:48:31,"2,596",-,-,-,-,日本,支払い,業務スーパー 中央二丁目店,PayPayあと払い,-,本人,05012200000263
2025/07/09 13:42:42,"5,865",-,-,-,-,日本,支払い,水道料金 請求書払い,PayPay残高,-,本人,05012200000258
2025/07/09 19:45:42,-,4,-,-,-,日本,ポイント、残高の獲得,すき家 - 東口店,PayPayポイント,-,本人,05012200000264
2025/07/09 19:45:42,913,-,-,-,-,日本,支払い,すき家 - 東口店,PayPay残高,-,本人,05012200000264
2025/07/10 19:38:25,-,28,-,-,-,日本,ポイント、残高の獲得,業務スーパー 中央二丁目店,PayPayポイント,-,本人,05012200000265
2025/07/10 19:38:25,"2,848",-,-,-,-,日本,支払い,業務スーパー 中央二丁目店,PayPay残高,-,本人,05012200000265
2025/07/11 10:13:48,-,5,-,-,-,日本,ポイント、残高の獲得,すき家 - 東口店,PayPayポイント,-,本人,05012200000267
2025/07/11 10:13:48,"1,006",-,-,-,-,日本,支払い,すき家 - 東口店,PayPayあと払い,-,本人,05012200000267
2025/07/11 10:34:10,-,18,-,-,-,日本,ポイント、残高の獲得,ウエルシア薬局 中央店,PayPayポイント,-,本人,05012200000268
2025/07/11 10:34:10,"3,750",-,-,-,-,日本,支払い,ウエルシア薬局 中央店,クレジット Mastercard 0000,ー回払い,本人,05012200000268
2025/07/11 12:34:03,-,4,-,-,-,日本,ポイント、残高の獲得,ドトールコーヒーショップ - 東口店,PayPayポイント,-,本人,05012200000266
2025/07/11 12:34:03,499,-,-,-,-,日本,支払い,ドトールコーヒーショップ - 東口店,PayPayあと払い,-,本人,05012200000266
2025/07/12 12:49:31,-,65,-,-,-,日本,ポイント、残高の獲得,イオン - 中央店,PayPayポイント,-,本人,05012200000269
2025/07/12 12:49:31,"6,564",-,-,-,-,日本,支払い,イオン - 中央店,PayPay残高,-,本人,05012200000269
2025/07/12 14:50:06,980,-,-,-,-,日本,支払い,Spotify,クレジット Mastercard 0000,ー回払い,本人,05012200000255
2025/07/13 20:23:12,-,4,-,-,-,日本,ポイント、残高の獲得,セブン-イレブン 中央一丁目店,PayPayポイント,-,本人,05012200000270
2025/07/13 20:23:12,484,-,-,-,-,日本,支払い,セブン-イレブン 中央一丁目店,PayPayあと払い,-,本人,05012200000270
2025/07/15 12:25:21,-,2,-,-,-,日本,ポイント、残高の獲得,スターバックス コーヒー - 駅ビル店,PayPayポイント,-,本人,05012200000271
2025/07/15 12:25:21,526,-,-,-,-,日本,支払い,スターバックス コーヒー - 駅ビル店,PayPayあと払い,-,本人,05012200000271
2025/07/15 14:54:57,-,17,-,-,-,日本,ポイント、残高の獲得,交通系ICチャージ,PayPayポイント,-,本人,05012200000272
2025/07/15 14:54:57,"1,755",-,-,-,-,日本,支払い,交通系ICチャージ,PayPay残高,-,本人,05012200000272
2025/07/15 19:28:41,"3,267",-,-,-,-,日本,支払い,ガス料金 請求書払い,PayPay残高,-,本人,05012200000257
2025/07/18 16:43:38,"4,378",-,-,-,-,日本,支払い,ソフトバンク 携帯料金,クレジット Mastercard 0000,ー回払い,本人,05012200000253
2025/07/18 19:29:38,-,1,-,-,-,日本,ポイント、残高の獲得,セブン-イレブン 中央一丁目店,PayPayポイント,-,本人,05012200000273
2025/07/18 19:29:38,355,-,-,-,-,日本,支払い,セブン-イレブン 中央一丁目店,PayPay残高,-,本人,05012200000273
2025/07/19 17:20:09,-,14,-,-,-,日本,ポイント、残高の獲得,セブン-イレブン 中央一丁目店,PayPayポイント,-,本人,05012200000274
2025/07/19 17:20:09,"1,421",-,-,-,-,日本,支払い,セブン-イレブン 中央一丁目店,PayPay残高,-,本人,05012200000274
2025/07/20 19:37:29,-,"10,000",-,-,-,日本,チャージ,PayPay,PayPay残高,-,本人,05012200000259
2025/07/21 15:40:26,"10,562",-,-,-,-,日本,支払い,電気料金 請求書払い,PayPay残高,-,本人,05012200000256
2025/07/24 13:54:37,-,4,-,-,-,日本,ポイント、残高の獲得,ファミリーマート 本町店,PayPayポイント,-,本人,05012200000276
2025/07/24 13:54:37,925,-,-,-,-,日本,支払い,ファミリーマート 本町店,PayPayあと払い,-,本人,05012200000276
2025/07/24 14:30:20,-,1,-,-,-,日本,ポイント、残高の獲得,セブン-イレブン 中央一丁目店,PayPayポイント,-,本人,05012200000275
2025/07/24 14:30:20,325,-,-,-,-,日本,支払い,セブン-イレブン 中央一丁目店,PayPayあと払い,-,本人,05012200000275
2025/07/25 10:34:12,-,12,-,-,-,日本,ポイント、残高の獲得,ローソン - 駅前店,PayPayポイント,-,本人,05012200000277
2025/07/25 10:34:12,826,-,-,-,-,日本,支払い,ローソン - 駅前店,PayPay残高,-,本人,05012200000277
2025/07/27 11:20:14,-,6,-,-,-,日本,ポイント、残高の獲得,セブン-イレブン 中央一丁目店,PayPayポイント,-,本人,05012200000278
2025/07/27 11:20:14,"1,296",-,-,-,-,日本,支払い,セブン-イレブン 中央一丁目店,クレジット Mastercard 0000,ー回払い,本人,05012200000278
2025/07/27 15:15:40,-,59,-,-,-,日本,ポイント、残高の獲得,Amazon.co.jp,PayPayポイント,-,本人,05012200000279
2025/07/27 15:15:40,"11,991",-,-,-,-,日本,支払い,Amazon.co.jp,PayPay残高,-,本人,05012200000279
2025/07/29 18:54:22,-,7,-,-,-,日本,ポイント、残高の獲得,マクドナルド 西口店,PayPayポイント,-,本人,05012200000280
2025/07/29 18:54:22,"1,483",-,-,-,-,日本,支払い,マクドナルド 西口店,PayPay残高,-,本人,05012200000280
2025/07/30 08:43:04,-,2,-,-,-,日本,ポイント、残高の獲得,ローソン - 駅前店,PayPayポイント,-,本人,05012200000281
2025/07/30 08:43:04,503,-,-,-,-,日本,支払い,ローソン - 駅前店,PayPay残高,-,本人,05012200000281
2025/07/31 19:43:17,-,1,-,-,-,日本,ポイント、残高の獲得,ファミリーマート 本町店,PayPayポイント,-,本人,05012200000282
2025/07/31 19:43:17,298,-,-,-,-,日本,支払い,ファミリーマート 本町店,PayPay残高,-,本人,05012200000282
2025/08/02 08:28:56,-,19,-,-,-,日本,ポイント、残高の獲得,Yahoo!ショッピング,PayPayポイント,-,本人,05012200000289
2025/08/02 08:28:56,"1,979",-,-,-,-,日本,支払い,Yahoo!ショッピング,PayPay残高,-,本人,05012200000289
2025/08/03 14:56:30,-,6,-,-,-,日本,ポイント、残高の獲得,QBハウス - 駅前店,PayPayポイント,-,本人,05012200000291
2025/08/03 14:56:30,"1,350",-,-,-,-,日本,支払い,QBハウス - 駅前店,PayPay残高,-,本人,05012200000291
2025/08/03 22:06:44,-,14,-,-,-,日本,ポイント、残高の獲得,業務スーパー 中央二丁目店,PayPayポイント,-,本人,05012200000290
2025/08/03 22:06:44,"2,988",-,-,-,-,日本,支払い,業務スーパー 中央二丁目店,PayPayあと払い,-,本人,05012200000290
2025/08/04 07:11:16,-,18,-,-,-,日本,ポイント、残高の獲得,すき家 - 東口店,PayPayポイント,-,本人,05012200000294
2025/08/04 07:11:16,"1,266",-,-,-,-,日本,支払い,すき家 - 東口店,PayPay残高,-,本人,05012200000294
2025/08/04 16:02:01,-,5,-,-,-,日本,ポイント、残高の獲得,ドトールコーヒーショップ - 東口店,PayPayポイント,-,本人,05012200000293
2025/08/04 16:02:01,384,-,-,-,-,日本,支払い,ドトールコーヒーショップ - 東口店,PayPay残高,-,本人,05012200000293
2025/08/04 19:39:57,-,12,-,-,-,日本,ポイント、残高の獲得,イオン - 中央店,PayPayポイント,-,本人,05012200000292
2025/08/04 19:39:57,"2,464",-,-,-,-,日本,支払い,イオン - 中央店,PayPay残高,-,本人,05012200000292
2025/08/05 20:27:26,-,12,-,-,-,日本,ポイント、残高の獲得,タイムズ 中央第2,PayPayポイント,-,本人,05012200000295
2025/08/05 20:27:26,835,-,-,-,-,日本,支払い,タイムズ 中央第2,PayPayあと払い,-,本人,05012200000295
2025/08/06 21:38:53,-,2,-,-,-,日本,ポイント、残高の獲得,スターバックス コーヒー - 駅ビル店,PayPayポイント,-,本人,05012200000296
2025/08/06 21:38:53,500,-,-,-,-,日本,支払い,スターバックス コーヒー - 駅ビル店,PayPay残高,-,本人,05012200000296
2025/08/08 09:48:32,-,180,-,-,-,日本,ポイント、残高の獲得,Amazon.co.jp,PayPayポイント,-,本人,05012200000297
2025/08/08 09:48:32,"12,005",-,-,-,-,日本,支払い,Amazon.co.jp,クレジット Mastercard 0000,ー回払い,本人,05012200000297
2025/08/08 16:54:56,"1,590",-,-,-,-,日本,支払い,Netflix,クレジット Mastercard 0000,ー回払い,本人,05012200000284
2025/08/10 12:17:02,-,22,-,-,-,日本,ポイント、残高の獲得,イオン - 中央店,PayPayポイント,-,本人,05012200000299
2025/08/10 12:17:02,"1,491",-,-,-,-,日本,支払い,イオン - 中央店,クレジット Mastercard 0000,ー回払い,本人,05012200000299
2025/08/10 22:06:19,-,20,-,-,-,日本,ポイント、残高の獲得,セブン-イレブン 中央一丁目店,PayPayポイント,-,本人,05012200000298
2025/08/10 22:06:19,"1,356",-,-,-,-,日本,支払い,セブン-イレブン 中央一丁目店,PayPay残高,-,本人,05012200000298
2025/08/11 07:34:31,-,67,-,-,-,日本,ポイント、残高の獲得,ドン・キホーテ - 大通り店,PayPayポイント,-,本人,05012200000300
2025/08/11 07:34:31,"6,736",-,-,-,-,日本,支払い,ドン・キホーテ - 大通り店,PayPay残高,-,本人,05012200000300
2025/08/12 09:06:15,980,-,-,-,-,日本,支払い,Spotify,クレジット Mastercard 0000,ー回払い,本人,05012200000285
2025/08/12 16:11:40,-,102,-,-,-,日本,ポイント、残高の獲得,Yahoo!ショッピング,PayPayポイント,-,本人,05012200000301
2025/08/12 16:11:40,"6,816",-,-,-,-,日本,支払い,Yahoo!ショッピング,クレジット Mastercard 0000,ー回払い,本人,05012200000301
2025/08/13 09:02:45,-,2,-,-,-,日本,ポイント、残高の獲得,ファミリーマート 本町店,PayPayポイント,-,本人,05012200000302
2025/08/13 09:02:45,408,-,-,-,-,日本,支払い,ファミリーマート 本町店,PayPay残高,-,本人,05012200000302
2025/08/13 19:04:15,-,15,-,-,-,日本,ポイント、残高の獲得,イオン - 中央店,PayPayポイント,-,本人,05012200000303
2025/08/13 19:04:15,"3,084",-,-,-,-,日本,支払い,イオン - 中央店,PayPayあと払い,-,本人,05012200000303
2025/08/14 14:44:02,-,3,-,-,-,日本,ポイント、残高の獲得,セブン-イレブン 中央一丁目店,PayPayポイント,-,本人,05012200000304
2025/08/14 14:44:02,605,-,-,-,-,日本,支払い,セブン-イレブン 中央一丁目店,PayPay残高,-,本人,05012200000304
2025/08/14 19:08:07,-,"10,000",-,-,-,日本,チャージ,PayPay,PayPay残高,-,本人,05012200000288
2025/08/15 11:54:43,-,6,-,-,-,日本,ポイント、残高の獲得,セブン-イレブン 中央一丁目店,PayPayポイント,-,本人,05012200000305
2025/08/15 11:54:43,618,-,-,-,-,日本,支払い,セブン-イレブン 中央一丁目店,PayPay残高,-,本人,05012200000305
2025/08/15 16:03:31,"6,267",-,-,-,-,日本,支払い,ガス料金 請求書払い,PayPay残高,-,本人,05012200000287
2025/08/16 07:27:56,-,22,-,-,-,日本,ポイント、残高の獲得,Yahoo!ショッピング,PayPayポイント,-,本人,05012200000306
2025/08/16 07:27:56,"4,402",-,-,-,-,日本,支払い,Yahoo!ショッピング,クレジット Mastercard 0000,ー回払い,本人,05012200000306
2025/08/17 11:14:07,-,4,-,-,-,日本,ポイント、残高の獲得,すき家 - 東口店,PayPayポイント,-,本人,05012200000307
2025/08/17 11:14:07,922,-,-,-,-,日本,支払い,すき家 - 東口店,PayPay残高,-,本人,05012200000307
2025/08/18 08:16:29,-,145,-,-,-,日本,ポイント、残高の獲得,ABCマート - 駅ビル店,PayPayポイント,-,本人,05012200000308
2025/08/18 08:16:29,"9,705",-,-,-,-,日本,支払い,ABCマート - 駅ビル店,クレジット Mastercard 0000,ー回払い,本人,05012200000308
2025/08/18 13:03:16,"4,378",-,-,-,-,日本,支払い,ソフトバンク 携帯料金,クレジット Mastercard 0000,ー回払い,本人,05012200000283
2025/08/19 11:17:48,-,21,-,-,-,日本,ポイント、残高の獲得,ダイソー - 中央店,PayPayポイント,-,本人,05012200000310
2025/08/19 11:17:48,"1,420",-,-,-,-,日本,支払い,ダイソー - 中央店,PayPayあと払い,-,本人,05012200000310
2025/08/19 15:46:55,-,14,-,-,-,日本,ポイント、残高の獲得,セブン-イレブン 中央一丁目店,PayPayポイント,-,本人,05012200000309
2025/08/19 15:46:55,"1,409",-,-,-,-,日本,支払い,セブン-イレブン 中央一丁目店,PayPay残高,-,本人,05012200000309
2025/08/20 21:50:11,-,12,-,-,-,日本,ポイント、残高の獲得,セブン-イレブン 中央一丁目店,PayPayポイント,-,本人,05012200000311
2025/08/20 21:50:11,"1,247",-,-,-,-,日本,支払い,セブン-イレブン 中央一丁目店,PayPay残高,-,本人,05012200000311
2025/08/21 09:20:58,-,16,-,-,-,日本,ポイント、残高の獲得,ファミリーマート 本町店,PayPayポイント,-,本人,05012200000312
2025/08/21 09:20:58,"1,111",-,-,-,-,日本,支払い,ファミリーマート 本町店,PayPay残高,-,本人,05012200000312
2025/08/21 19:19:41,"10,135",-,-,-,-,日本,支払い,電気料金 請求書払い,PayPay残高,-,本人,05012200000286
2025/08/22 20:59:17,-,13,-,-,-,日本,ポイント、残高の獲得,すき家 - 東口店,PayPayポイント,-,本人,05012200000313
2025/08/22 20:59:17,"1,340",-,-,-,-,日本,支払い,すき家 - 東口店,PayPayあと払い,-,本人,05012200000313
2025/08/23 12:41:31,-,10,-,-,-,日本,ポイント、残高の獲得,ドトールコーヒーショップ - 東口店,PayPayポイント,-,本人,05012200000315
2025/08/23 12:41:31,685,-,-,-,-,日本,支払い,ドトールコーヒーショップ - 東口店,PayPay残高,-,本人,05012200000315
2025/08/23 22:56:00,-,9,-,-,-,日本,ポイント、残高の獲得,スターバックス コーヒー - 駅ビル店,PayPayポイント,-,本人,05012200000314
2025/08/23 22:56:00,936,-,-,-,-,日本,支払い,スターバックス コーヒー - 駅ビル店,PayPay残高,-,本人,05012200000314
2025/08/24 09:36:39,-,6,-,-,-,日本,ポイント、残高の獲得,ローソン - 駅前店,PayPayポイント,-,本人,05012200000316
2025/08/24 09:36:39,433,-,-,-,-,日本,支払い,ローソン - 駅前店,クレジット Mastercard 0000,ー回払い,本人,05012200000316
2025/08/24 13:22:25,-,64,-,-,-,日本,ポイント、残高の獲得,イオン - 中央店,PayPayポイント,-,本人,05012200000317
2025/08/24 13:22:25,"4,274",-,-,-,-,日本,支払い,イオン - 中央店,PayPay残高,-,本人,05012200000317
2025/08/24 16:06:43,-,6,-,-,-,日本,ポイント、残高の獲得,スターバックス コーヒー - 駅ビル店,PayPayポイント,-,本人,05012200000318
2025/08/24 16:06:43,634,-,-,-,-,日本,支払い,スターバックス コーヒー - 駅ビル店,クレジット Mastercard 0000,ー回払い,本人,05012200000318
2025/08/24 21:36:28,-,2,-,-,-,日本,ポイント、残高の獲得,ドトールコーヒーショップ - 東口店,PayPayポイント,-,本人,05012200000319
2025/08/24 21:36:28,424,-,-,-,-,日本,支払い,ドトールコーヒーショップ - 東口店,クレジット Mastercard 0000,ー回払い,本人,05012200000319
2025/08/26 16:36:07,-,3,-,-,-,日本,ポイント、残高の獲得,ファミリーマート 本町店,PayPayポイント,-,本人,05012200000320
2025/08/26 16:36:07,608,-,-,-,-,日本,支払い,ファミリーマート 本町店,PayPayあと払い,-,本人,05012200000320
2025/08/27 07:03:39,-,9,-,-,-,日本,ポイント、残高の獲得,ローソン - 駅前店,PayPayポイント,-,本人,05012200000321
2025/08/27 07:03:39,942,-,-,-,-,日本,支払い,ローソン - 駅前店,PayPay残高,-,本人,05012200000321
2025/08/27 07:42:40,-,6,-,-,-,日本,ポイント、残高の獲得,スターバックス コーヒー - 駅ビル店,PayPayポイント,-,本人,05012200000324
2025/08/27 07:42:40,626,-,-,-,-,日本,支払い,スターバックス コーヒー - 駅ビル店,PayPay残高,-,本人,05012200000324
2025/08/27 08:53:57,-,14,-,-,-,日本,ポイント、残高の獲得,業務スーパー 中央二丁目店,PayPayポイント,-,本人,05012200000323
2025/08/27 08:53:57,"2,987",-,-,-,-,日本,支払い,業務スーパー 中央二丁目店,クレジット Mastercard 0000,ー回払い,本人,05012200000323
2025/08/27 12:31:50,-,66,-,-,-,日本,ポイント、残高の獲得,イオン - 中央店,PayPayポイント,-,本人,05012200000322
2025/08/27 12:31:50,"4,449",-,-,-,-,日本,支払い,イオン - 中央店,PayPayあと払い,-,本人,05012200000322
2025/08/27 22:45:32,-,43,-,-,-,日本,ポイント、残高の獲得,スシロー - 大通り店,PayPayポイント,-,本人,05012200000325
2025/08/27 22:45:32,"4,385",-,-,-,-,日本,支払い,スシロー - 大通り店,クレジット Mastercard 0000,ー回払い,本人,05012200000325
2025/08/28 08:45:56,-,210,-,-,-,日本,ポイント、残高の獲得,Amazon.co.jp,PayPayポイント,-,本人,05012200000328
2025/08/28 08:45:56,"14,021",-,-,-,-,日本,支払い,Amazon.co.jp,PayPay残高,-,本人,05012200000328
2025/08/28 21:06:42,-,12,-,-,-,日本,ポイント、残高の獲得,業務スーパー 中央二丁目店,PayPayポイント,-,本人,05012200000326
2025/08/28 21:06:42,"2,465",-,-,-,-,日本,支払い,業務スーパー 中央二丁目店,PayPay残高,-,本人,05012200000326
2025/08/28 22:35:14,-,13,-,-,-,日本,ポイント、残高の獲得,スターバックス コーヒー - 駅ビル店,PayPayポイント,-,本人,05012200000327
2025/08/28 22:35:14,915,-,-,-,-,日本,支払い,スターバックス コーヒー - 駅ビル店,PayPay残高,-,本人,05012200000327
2025/08/31 19:47:29,-,31,-,-,-,日本,ポイント、残高の獲得,ニトリ - 北町店,PayPayポイント,-,本人,05012200000330
2025/08/31 19:47:29,"2,080",-,-,-,-,日本,支払い,ニトリ - 北町店,クレジット Mastercard 0000,ー回払い,本人,05012200000330
2025/08/31 22:37:49,-,75,-,-,-,日本,ポイント、残高の獲得,ユニクロ - 大通り店,PayPayポイント,-,本人,05012200000329
2025/08/31 22:37:49,"7,587",-,-,-,-,日本,支払い,ユニクロ - 大通り店,PayPayあと払い,-,本人,05012200000329
2025/09/01 11:54:33,-,7,-,-,-,日本,ポイント、残高の獲得,スターバックス コーヒー - 駅ビル店,PayPayポイント,-,本人,05012200000339
2025/09/01 11:54:33,750,-,-,-,-,日本,支払い,スターバックス コーヒー - 駅ビル店,クレジット Mastercard 0000,ー回払い,本人,05012200000339
2025/09/01 14:32:45,-,5,-,-,-,日本,ポイント、残高の獲得,セブン-イレブン 中央一丁目店,PayPayポイント,-,本人,05012200000338
2025/09/01 14:32:45,"1,126",-,-,-,-,日本,支払い,セブン-イレブン 中央一丁目店,PayPay残高,-,本人,05012200000338
2025/09/02 14:25:26,-,9,-,-,-,日本,ポイント、残高の獲得,イオン - 中央店,PayPayポイント,-,本人,05012200000341
2025/09/02 14:25:26,"1,897",-,-,-,-,日本,支払い,イオン - 中央店,クレジット Mastercard 0000,ー回払い,本人,05012200000341
2025/09/02 22:00:49,-,11,-,-,-,日本,ポイント、残高の獲得,セブン-イレブン 中央一丁目店,PayPayポイント,-,本人,05012200000340
2025/09/02 22:00:49,745,-,-,-,-,日本,支払い,セブン-イレブン 中央一丁目店,PayPay残高,-,本人,05012200000340
2025/09/03 21:29:59,-,154,-,-,-,日本,ポイント、残高の獲得,ABCマート - 駅ビル店,PayPayポイント,-,本人,05012200000342
2025/09/03 21:29:59,"10,294",-,-,-,-,日本,支払い,ABCマート - 駅ビル店,PayPay残高,-,本人,05012200000342
2025/09/04 09:47:16,-,54,-,-,-,日本,ポイント、残高の獲得,Yahoo!ショッピング,PayPayポイント,-,本人,05012200000344
2025/09/04 09:47:16,"5,403",-,-,-,-,日本,支払い,Yahoo!ショッピング,PayPay残高,-,本人,05012200000344
2025/09/04 15:11:06,-,20,-,-,-,日本,ポイント、残高の獲得,ガスト - 中央店,PayPayポイント,-,本人,05012200000343
2025/09/04 15:11:06,"2,026",-,-,-,-,日本,支払い,ガスト - 中央店,PayPay残高,-,本人,05012200000343
2025/09/06 11:21:20,-,20,-,-,-,日本,ポイント、残高の獲得,イオン - 中央店,PayPayポイント,-,本人,05012200000345
2025/09/06 11:21:20,"1,391",-,-,-,-,日本,支払い,イオン - 中央店,PayPay残高,-,本人,05012200000345
2025/09/08 12:06:49,-,30,-,-,-,日本,ポイント、残高の獲得,Yahoo!ショッピング,PayPayポイント,-,本人,05012200000346
2025/09/08 12:06:49,"6,091",-,-,-,-,日本,支払い,Yahoo!ショッピング,PayPay残高,-,本人,05012200000346
2025/09/08 16:53:12,"1,590",-,-,-,-,日本,支払い,Netflix,クレジット Mastercard 0000,ー回払い,本人,05012200000332
2025/09/09 14:27:48,-,7,-,-,-,日本,ポイント、残高の獲得,交通系ICチャージ,PayPayポイント,-,本人,05012200000347
2025/09/09 14:27:48,"1,462",-,-,-,-,日本,支払い,交通系ICチャージ,クレジット Mastercard 0000,ー回払い,本人,05012200000347
2025/09/09 22:13:05,"4,344",-,-,-,-,日本,支払い,水道料金 請求書払い,PayPay残高,-,本人,05012200000336
2025/09/11 21:19:15,-,13,-,-,-,日本,ポイント、残高の獲得,交通系ICチャージ,PayPayポイント,-,本人,05012200000348
2025/09/11 21:19:15,"2,773",-,-,-,-,日本,支払い,交通系ICチャージ,PayPay残高,-,本人,05012200000348
2025/09/12 07:36:49,-,3,-,-,-,日本,ポイント、残高の獲得,ファミリーマート 本町店,PayPayポイント,-,本人,05012200000349
2025/09/12 07:36:49,335,-,-,-,-,日本,支払い,ファミリーマート 本町店,PayPayあと払い,-,本人,05012200000349
2025/09/12 09:59:25,-,28,-,-,-,日本,ポイント、残高の獲得,業務スーパー 中央二丁目店,PayPayポイント,-,本人,05012200000350
2025/09/12 09:59:25,"2,819",-,-,-,-,日本,支払い,業務スーパー 中央二丁目店,PayPayあと払い,-,本人,05012200000350
2025/09/12 14:49:53,980,-,-,-,-,日本,支払い,Spotify,クレジット Mastercard 0000,ー回払い,本人,05012200000333
2025/09/14 08:26:33,-,8,-,-,-,日本,ポイント、残高の獲得,ドトールコーヒーショップ - 東口店,PayPayポイント,-,本人,05012200000351
2025/09/14 08:26:33,572,-,-,-,-,日本,支払い,ドトールコーヒーショップ - 東口店,PayPay残高,-,本人,05012200000351
2025/09/14 09:09:27,-,9,-,-,-,日本,ポイント、残高の獲得,マクドナルド 西口店,PayPayポイント,-,本人,05012200000352
2025/09/14 09:09:27,938,-,-,-,-,日本,支払い,マクドナルド 西口店,クレジット Mastercard 0000,ー回払い,本人,05012200000352
2025/09/15 07:05:19,-,7,-,-,-,日本,ポイント、残高の獲得,すき家 - 東口店,PayPayポイント,-,本人,05012200000354
2025/09/15 07:05:19,"1,467",-,-,-,-,日本,支払い,すき家 - 東口店,PayPayあと払い,-,本人,05012200000354
2025/09/15 07:26:05,"3,511",-,-,-,-,日本,支払い,ガス料金 請求書払い,PayPay残高,-,本人,05012200000335
2025/09/15 09:55:03,-,40,-,-,-,日本,ポイント、残高の獲得,Yahoo!ショッピング,PayPayポイント,-,本人,05012200000355
2025/09/15 09:55:03,"2,680",-,-,-,-,日本,支払い,Yahoo!ショッピング,PayPay残高,-,本人,05012200000355
2025/09/15 22:40:04,-,11,-,-,-,日本,ポイント、残高の獲得,セブン-イレブン 中央一丁目店,PayPayポイント,-,本人,05012200000353
2025/09/15 22:40:04,"1,132",-,-,-,-,日本,支払い,セブン-イレブン 中央一丁目店,PayPayあと払い,-,本人,05012200000353
2025/09/16 12:01:44,-,12,-,-,-,日本,ポイント、残高の獲得,イオン - 中央店,PayPayポイント,-,本人,05012200000357
2025/09/16 12:01:44,"2,514",-,-,-,-,日本,支払い,イオン - 中央店,クレジット Mastercard 0000,ー回払い,本人,05012200000357
2025/09/16 20:46:27,-,3,-,-,-,日本,ポイント、残高の獲得,セブン-イレブン 中央一丁目店,PayPayポイント,-,本人,05012200000356
2025/09/16 20:46:27,713,-,-,-,-,日本,支払い,セブン-イレブン 中央一丁目店,クレジット Mastercard 0000,ー回払い,本人,05012200000356
2025/09/18 12:04:20,-,3,-,-,-,日本,ポイント、残高の獲得,ローソン - 駅前店,PayPayポイント,-,本人,05012200000358
2025/09/18 12:04:20,606,-,-,-,-,日本,支払い,ローソン - 駅前店,PayPayあと払い,-,本人,05012200000358
2025/09/18 12:47:13,-,95,-,-,-,日本,ポイント、残高の獲得,Yahoo!ショッピング,PayPayポイント,-,本人,05012200000360
2025/09/18 12:47:13,"6,394",-,-,-,-,日本,支払い,Yahoo!ショッピング,クレジット Mastercard 0000,ー回払い,本人,05012200000360
2025/09/18 14:03:12,"4,378",-,-,-,-,日本,支払い,ソフトバンク 携帯料金,クレジット Mastercard 0000,ー回払い,本人,05012200000331
2025/09/18 21:33:55,-,68,-,-,-,日本,ポイント、残高の獲得,イオン - 中央店,PayPayポイント,-,本人,05012200000359
2025/09/18 21:33:55,"4,584",-,-,-,-,日本,支払い,イオン - 中央店,PayPayあと払い,-,本人,05012200000359
2025/09/19 07:25:11,-,50,-,-,-,日本,ポイント、残高の獲得,Amazon.co.jp,PayPayポイント,-,本人,05012200000361
2025/09/19 07:25:11,"10,154",-,-,-,-,日本,支払い,Amazon.co.jp,PayPay残高,-,本人,05012200000361
2025/09/20 11:10:25,-,39,-,-,-,日本,ポイント、残高の獲得,ウエルシア薬局 中央店,PayPayポイント,-,本人,05012200000363
2025/09/20 11:10:25,"3,951",-,-,-,-,日本,支払い,ウエルシア薬局 中央店,クレジット Mastercard 0000,ー回払い,本人,05012200000363
2025/09/20 11:26:40,-,20,-,-,-,日本,ポイント、残高の獲得,業務スーパー 中央二丁目店,PayPayポイント,-,本人,05012200000362
2025/09/20 11:26:40,"2,002",-,-,-,-,日本,支払い,業務スーパー 中央二丁目店,PayPay残高,-,本人,05012200000362
2025/09/21 10:35:53,"7,613",-,-,-,-,日本,支払い,電気料金 請求書払い,PayPay残高,-,本人,05012200000334
2025/09/21 13:30:20,-,4,-,-,-,日本,ポイント、残高の獲得,ファミリーマート 本町店,PayPayポイント,-,本人,05012200000364
2025/09/21 13:30:20,427,-,-,-,-,日本,支払い,ファミリーマート 本町店,PayPay残高,-,本人,05012200000364
2025/09/22 17:06:15,-,4,-,-,-,日本,ポイント、残高の獲得,セブン-イレブン 中央一丁目店,PayPayポイント,-,本人,05012200000365
2025/09/22 17:06:15,825,-,-,-,-,日本,支払い,セブン-イレブン 中央一丁目店,PayPayあと払い,-,本人,05012200000365
2025/09/23 17:49:04,-,34,-,-,-,日本,ポイント、残高の獲得,ブックオフ - 大通り店,PayPayポイント,-,本人,05012200000367
2025/09/23 17:49:04,"2,316",-,-,-,-,日本,支払い,ブックオフ - 大通り店,PayPay残高,-,本人,05012200000367
2025/09/23 20:31:27,-,24,-,-,-,日本,ポイント、残高の獲得,スシロー - 大通り店,PayPayポイント,-,本人,05012200000366
2025/09/23 20:31:27,"2,426",-,-,-,-,日本,支払い,スシロー - 大通り店,クレジット Mastercard 0000,ー回払い,本人,05012200000366
2025/09/25 18:16:45,-,4,-,-,-,日本,ポイント、残高の獲得,丸亀製麺 本町,PayPayポイント,-,本人,05012200000369
2025/09/25 18:16:45,870,-,-,-,-,日本,支払い,丸亀製麺 本町,クレジット Mastercard 0000,ー回払い,本人,05012200000369
2025/09/25 20:18:34,-,6,-,-,-,日本,ポイント、残高の獲得,ファミリーマート 本町店,PayPayポイント,-,本人,05012200000368
2025/09/25 20:18:34,"1,312",-,-,-,-,日本,支払い,ファミリーマート 本町店,PayPay残高,-,本人,05012200000368
2025/09/26 11:40:15,-,5,-,-,-,日本,ポイント、残高の獲得,すき家 - 東口店,PayPayポイント,-,本人,05012200000370
2025/09/26 11:40:15,"1,136",-,-,-,-,日本,支払い,すき家 - 東口店,クレジット Mastercard 0000,ー回払い,本人,05012200000370
2025/09/26 12:23:20,-,30,-,-,-,日本,ポイント、残高の獲得,スシロー - 大通り店,PayPayポイント,-,本人,05012200000371
2025/09/26 12:23:20,"2,023",-,-,-,-,日本,支払い,スシロー - 大通り店,クレジット Mastercard 0000,ー回払い,本人,05012200000371
2025/09/26 18:27:52,-,"10,000",-,-,-,日本,チャージ,PayPay,PayPay残高,-,本人,05012200000337
2025/09/27 21:09:37,-,66,-,-,-,日本,ポイント、残高の獲得,ドン・キホーテ - 大通り店,PayPayポイント,-,本人,05012200000372
2025/09/27 21:09:37,"6,669",-,-,-,-,日本,支払い,ドン・キホーテ - 大通り店,クレジット Mastercard 0000,ー回払い,本人,05012200000372
2025/09/28 08:44:57,-,16,-,-,-,日本,ポイント、残高の獲得,ガスト - 中央店,PayPayポイント,-,本人,05012200000374
2025/09/28 08:44:57,"3,291",-,-,-,-,日本,支払い,ガスト - 中央店,PayPay残高,-,本人,05012200000374
2025/09/28 20:31:01,-,2,-,-,-,日本,ポイント、残高の獲得,ファミリーマート 本町店,PayPayポイント,-,本人,05012200000373
2025/09/28 20:31:01,531,-,-,-,-,日本,支払い,ファミリーマート 本町店,PayPay残高,-,本人,05012200000373
2025/09/28 21:19:07,-,7,-,-,-,日本,ポイント、残高の獲得,丸亀製麺 本町,PayPayポイント,-,本人,05012200000375
2025/09/28 21:19:07,"1,520",-,-,-,-,日本,支払い,丸亀製麺 本町,PayPay残高,-,本人,05012200000375
2025/09/29 17:33:42,-,2,-,-,-,日本,ポイント、残高の獲得,ファミリーマート 本町店,PayPayポイント,-,本人,05012200000376
2025/09/29 17:33:42,436,-,-,-,-,日本,支払い,ファミリーマート 本町店,PayPayあと払い,-,本人,05012200000376
2025/10/02 16:50:42,-,45,-,-,-,日本,ポイント、残高の獲得,業務スーパー 中央二丁目店,PayPayポイント,-,本人,05012200000385
2025/10/02 16:50:42,"3,049",-,-,-,-,日本,支払い,業務スーパー 中央二丁目店,PayPay残高,-,本人,05012200000385
2025/10/02 18:25:00,-,16,-,-,-,日本,ポイント、残高の獲得,セブン-イレブン 中央一丁目店,PayPayポイント,-,本人,05012200000384
2025/10/02 18:25:00,"1,076",-,-,-,-,日本,支払い,セブン-イレブン 中央一丁目店,PayPay残高,-,本人,05012200000384
2025/10/02 22:20:48,-,10,-,-,-,日本,ポイント、残高の獲得,すき家 - 東口店,PayPayポイント,-,本人,05012200000386
2025/10/02 22:20:48,"1,059",-,-,-,-,日本,支払い,すき家 - 東口店,PayPayあと払い,-,本人,05012200000386
2025/10/03 10:48:50,-,"30,000",-,-,-,日本,チャージ,PayPay,PayPay残高,-,本人,05012200000383
2025/10/03 12:35:45,-,105,-,-,-,日本,ポイント、残高の獲得,ニトリ - 北町店,PayPayポイント,-,本人,05012200000387
2025/10/03 12:35:45,"7,064",-,-,-,-,日本,支払い,ニトリ - 北町店,PayPayあと払い,-,本人,05012200000387
2025/10/04 08:40:11,-,7,-,-,-,日本,ポイント、残高の獲得,丸亀製麺 本町,PayPayポイント,-,本人,05012200000389
2025/10/04 08:40:11,"1,558",-,-,-,-,日本,支払い,丸亀製麺 本町,クレジット Mastercard 0000,ー回払い,本人,05012200000389
2025/10/04 21:05:51,-,20,-,-,-,日本,ポイント、残高の獲得,セブン-イレブン 中央一丁目店,PayPayポイント,-,本人,05012200000388
2025/10/04 21:05:51,"1,384",-,-,-,-,日本,支払い,セブン-イレブン 中央一丁目店,クレジット Mastercard 0000,ー回払い,本人,05012200000388
2025/10/05 14:11:24,-,7,-,-,-,日本,ポイント、残高の獲得,交通系ICチャージ,PayPayポイント,-,本人,05012200000391
2025/10/05 14:11:24,"1,495",-,-,-,-,日本,支払い,交通系ICチャージ,PayPayあと払い,-,本人,05012200000391
2025/10/05 16:30:42,-,11,-,-,-,日本,ポイント、残高の獲得,セブン-イレブン 中央一丁目店,PayPayポイント,-,本人,05012200000390
2025/10/05 16:30:42,"1,103",-,-,-,-,日本,支払い,セブン-イレブン 中央一丁目店,PayPay残高,-,本人,05012200000390
2025/10/06 16:37:02,-,28,-,-,-,日本,ポイント、残高の獲得,イオン - 中央店,PayPayポイント,-,本人,05012200000393
2025/10/06 16:37:02,"5,754",-,-,-,-,日本,支払い,イオン - 中央店,PayPay残高,-,本人,05012200000393
2025/10/06 20:42:53,-,6,-,-,-,日本,ポイント、残高の獲得,セブン-イレブン 中央一丁目店,PayPayポイント,-,本人,05012200000392
2025/10/06 20:42:53,650,-,-,-,-,日本,支払い,セブン-イレブン 中央一丁目店,PayPay残高,-,本人,05012200000392
2025/10/07 10:53:31,-,3,-,-,-,日本,ポイント、残高の獲得,ローソン - 駅前店,PayPayポイント,-,本人,05012200000394
2025/10/07 10:53:31,731,-,-,-,-,日本,支払い,ローソン - 駅前店,PayPay残高,-,本人,05012200000394
2025/10/07 18:13:34,-,17,-,-,-,日本,ポイント、残高の獲得,ファミリーマート 本町店,PayPayポイント,-,本人,05012200000395
2025/10/07 18:13:34,"1,180",-,-,-,-,日本,支払い,ファミリーマート 本町店,PayPay残高,-,本人,05012200000395
2025/10/08 15:54:32,-,16,-,-,-,日本,ポイント、残高の獲得,TOHOシネマズ - 駅前,PayPayポイント,-,本人,05012200000397
2025/10/08 15:54:32,"3,231",-,-,-,-,日本,支払い,TOHOシネマズ - 駅前,PayPayあと払い,-,本人,05012200000397
2025/10/08 21:21:06,"1,590",-,-,-,-,日本,支払い,Netflix,クレジット Mastercard 0000,ー回払い,本人,05012200000378
2025/10/08 22:40:24,-,6,-,-,-,日本,ポイント、残高の獲得,スターバックス コーヒー - 駅ビル店,PayPayポイント,-,本人,05012200000396
2025/10/08 22:40:24,645,-,-,-,-,日本,支払い,スターバックス コーヒー - 駅ビル店,クレジット Mastercard 0000,ー回払い,本人,05012200000396
2025/10/09 12:10:57,-,22,-,-,-,日本,ポイント、残高の獲得,業務スーパー 中央二丁目店,PayPayポイント,-,本人,05012200000399
2025/10/09 12:10:57,"2,206",-,-,-,-,日本,支払い,業務スーパー 中央二丁目店,PayPay残高,-,本人,05012200000399
2025/10/09 20:10:16,-,18,-,-,-,日本,ポイント、残高の獲得,セブン-イレブン 中央一丁目店,PayPayポイント,-,本人,05012200000398
2025/10/09 20:10:16,"1,207",-,-,-,-,日本,支払い,セブン-イレブン 中央一丁目店,PayPayあと払い,-,本人,05012200000398
2025/10/10 10:16:38,-,62,-,-,-,日本,ポイント、残高の獲得,イオン - 中央店,PayPayポイント,-,本人,05012200000400
2025/10/10 10:16:38,"4,183",-,-,-,-,日本,支払い,イオン - 中央店,PayPay残高,-,本人,05012200000400
2025/10/10 11:47:30,-,10,-,-,-,日本,ポイント、残高の獲得,すき家 - 東口店,PayPayポイント,-,本人,05012200000401
2025/10/10 11:47:30,"2,062",-,-,-,-,日本,支払い,すき家 - 東口店,クレジット Mastercard 0000,ー回払い,本人,05012200000401
2025/10/11 12:18:35,-,6,-,-,-,日本,ポイント、残高の獲得,スターバックス コーヒー - 駅ビル店,PayPayポイント,-,本人,05012200000403
2025/10/11 12:18:35,681,-,-,-,-,日本,支払い,スターバックス コーヒー - 駅ビル店,PayPay残高,-,本人,05012200000403
2025/10/11 16:37:44,-,31,-,-,-,日本,ポイント、残高の獲得,ドン・キホーテ - 大通り店,PayPayポイント,-,本人,05012200000402
2025/10/11 16:37:44,"3,176",-,-,-,-,日本,支払い,ドン・キホーテ - 大通り店,クレジット Mastercard 0000,ー回払い,本人,05012200000402
2025/10/11 21:02:59,-,45,-,-,-,日本,ポイント、残高の獲得,Yahoo!ショッピング,PayPayポイント,-,本人,05012200000404
2025/10/11 21:02:59,"9,075",-,-,-,-,日本,支払い,Yahoo!ショッピング,PayPayあと払い,-,本人,05012200000404
2025/10/12 12:33:58,980,-,-,-,-,日本,支払い,Spotify,クレジット Mastercard 0000,ー回払い,本人,05012200000379
2025/10/14 20:50:07,-,10,-,-,-,日本,ポイント、残高の獲得,セブン-イレブン 中央一丁目店,PayPayポイント,-,本人,05012200000405
2025/10/14 20:50:07,"1,072",-,-,-,-,日本,支払い,セブン-イレブン 中央一丁目店,PayPayあと払い,-,本人,05012200000405
2025/10/15 14:53:42,-,13,-,-,-,日本,ポイント、残高の獲得,ダイソー - 中央店,PayPayポイント,-,本人,05012200000408
2025/10/15 14:53:42,"1,342",-,-,-,-,日本,支払い,ダイソー - 中央店,PayPay残高,-,本人,05012200000408
2025/10/15 16:11:32,"3,683",-,-,-,-,日本,支払い,ガス料金 請求書払い,PayPay残高,-,本人,05012200000381
2025/10/15 20:28:29,-,9,-,-,-,日本,ポイント、残高の獲得,イオン - 中央店,PayPayポイント,-,本人,05012200000407
2025/10/15 20:28:29,"1,874",-,-,-,-,日本,支払い,イオン - 中央店,PayPay残高,-,本人,05012200000407
2025/10/15 20:48:14,-,5,-,-,-,日本,ポイント、残高の獲得,セブン-イレブン 中央一丁目店,PayPayポイント,-,本人,05012200000406
2025/10/15 20:48:14,"1,154",-,-,-,-,日本,支払い,セブン-イレブン 中央一丁目店,PayPay残高,-,本人,05012200000406
2025/10/16 19:48:04,-,"10,000",-,-,-,日本,チャージ,PayPay,PayPay残高,-,本人,05012200000382
2025/10/17 16:24:21,-,10,-,-,-,日本,ポイント、残高の獲得,セブン-イレブン 中央一丁目店,PayPayポイント,-,本人,05012200000409
2025/10/17 16:24:21,698,-,-,-,-,日本,支払い,セブン-イレブン 中央一丁目店,PayPayあと払い,-,本人,05012200000409
2025/10/18 18:58:57,-,50,-,-,-,日本,ポイント、残高の獲得,イオン - 中央店,PayPayポイント,-,本人,05012200000410
2025/10/18 18:58:57,"5,009",-,-,-,-,日本,支払い,イオン - 中央店,PayPay残高,-,本人,05012200000410
2025/10/18 21:56:59,"4,378",-,-,-,-,日本,支払い,ソフトバンク 携帯料金,クレジット Mastercard 0000,ー回払い,本人,05012200000377
2025/10/19 20:09:42,-,6,-,-,-,日本,ポイント、残高の獲得,セブン-イレブン 中央一丁目店,PayPayポイント,-,本人,05012200000411
2025/10/19 20:09:42,"1,380",-,-,-,-,日本,支払い,セブン-イレブン 中央一丁目店,PayPayあと払い,-,本人,05012200000411
2025/10/21 17:34:49,"7,191",-,-,-,-,日本,支払い,電気料金 請求書払い,PayPay残高,-,本人,05012200000380
2025/10/22 07:20:55,-,18,-,-,-,日本,ポイント、残高の獲得,マクドナルド 西口店,PayPayポイント,-,本人,05012200000413
2025/10/22 07:20:55,"1,248",-,-,-,-,日本,支払い,マクドナルド 西口店,PayPayあと払い,-,本人,05012200000413
2025/10/22 09:18:10,-,16,-,-,-,日本,ポイント、残高の獲得,イオン - 中央店,PayPayポイント,-,本人,05012200000412
2025/10/22 09:18:10,"3,253",-,-,-,-,日本,支払い,イオン - 中央店,PayPay残高,-,本人,05012200000412
2025/10/22 13:46:27,-,29,-,-,-,日本,ポイント、残高の獲得,ウエルシア薬局 中央店,PayPayポイント,-,本人,05012200000414
2025/10/22 13:46:27,"2,956",-,-,-,-,日本,支払い,ウエルシア薬局 中央店,PayPay残高,-,本人,05012200000414
2025/10/23 08:21:40,-,10,-,-,-,日本,ポイント、残高の獲得,スターバックス コーヒー - 駅ビル店,PayPayポイント,-,本人,05012200000416
2025/10/23 08:21:40,686,-,-,-,-,日本,支払い,スターバックス コーヒー - 駅ビル店,PayPayあと払い,-,本人,05012200000416
2025/10/23 15:51:13,-,54,-,-,-,日本,ポイント、残高の獲得,イオン - 中央店,PayPayポイント,-,本人,05012200000415
2025/10/23 15:51:13,"5,443",-,-,-,-,日本,支払い,イオン - 中央店,PayPay残高,-,本人,05012200000415
2025/10/25 22:38:21,-,15,-,-,-,日本,ポイント、残高の獲得,ローソン - 駅前店,PayPayポイント,-,本人,05012200000417
2025/10/25 22:38:21,"1,011",-,-,-,-,日本,支払い,ローソン - 駅前店,PayPayあと払い,-,本人,05012200000417
2025/10/26 15:49:29,-,6,-,-,-,日本,ポイント、残高の獲得,交通系ICチャージ,PayPayポイント,-,本人,05012200000419
2025/10/26 15:49:29,"1,229",-,-,-,-,日本,支払い,交通系ICチャージ,PayPay残高,-,本人,05012200000419
2025/10/26 20:55:40,-,13,-,-,-,日本,ポイント、残高の獲得,スターバックス コーヒー - 駅ビル店,PayPayポイント,-,本人,05012200000418
2025/10/26 20:55:40,868,-,-,-,-,日本,支払い,スターバックス コーヒー - 駅ビル店,クレジット Mastercard 0000,ー回払い,本人,05012200000418
2025/10/27 15:22:10,-,3,-,-,-,日本,ポイント、残高の獲得,ローソン - 駅前店,PayPayポイント,-,本人,05012200000420
2025/10/27 15:22:10,640,-,-,-,-,日本,支払い,ローソン - 駅前店,クレジット Mastercard 0000,ー回払い,本人,05012200000420
2025/10/28 19:20:28,-,3,-,-,-,日本,ポイント、残高の獲得,タイムズ 中央第2,PayPayポイント,-,本人,05012200000421
2025/10/28 19:20:28,693,-,-,-,-,日本,支払い,タイムズ 中央第2,PayPay残高,-,本人,05012200000421
2025/11/01 10:27:15,-,6,-,-,-,日本,ポイント、残高の獲得,マクドナルド 西口店,PayPayポイント,-,本人,05012200000430
2025/11/01 10:27:15,"1,291",-,-,-,-,日本,支払い,マクドナルド 西口店,PayPayあと払い,-,本人,05012200000430
2025/11/02 12:24:46,-,5,-,-,-,日本,ポイント、残高の獲得,ローソン - 駅前店,PayPayポイント,-,本人,05012200000431
2025/11/02 12:24:46,"1,050",-,-,-,-,日本,支払い,ローソン - 駅前店,PayPay残高,-,本人,05012200000431
2025/11/03 15:11:40,-,8,-,-,-,日本,ポイント、残高の獲得,ファミリーマート 本町店,PayPayポイント,-,本人,05012200000432
2025/11/03 15:11:40,598,-,-,-,-,日本,支払い,ファミリーマート 本町店,クレジット Mastercard 0000,ー回払い,本人,05012200000432
2025/11/04 19:10:35,-,2,-,-,-,日本,ポイント、残高の獲得,ファミリーマート 本町店,PayPayポイント,-,本人,05012200000433
2025/11/04 19:10:35,575,-,-,-,-,日本,支払い,ファミリーマート 本町店,クレジット Mastercard 0000,ー回払い,本人,05012200000433
2025/11/05 08:39:01,-,24,-,-,-,日本,ポイント、残高の獲得,Yahoo!ショッピング,PayPayポイント,-,本人,05012200000436
2025/11/05 08:39:01,"1,607",-,-,-,-,日本,支払い,Yahoo!ショッピング,PayPayあと払い,-,本人,05012200000436
2025/11/05 10:45:42,-,9,-,-,-,日本,ポイント、残高の獲得,セブン-イレブン 中央一丁目店,PayPayポイント,-,本人,05012200000434
2025/11/05 10:45:42,985,-,-,-,-,日本,支払い,セブン-イレブン 中央一丁目店,クレジット Mastercard 0000,ー回払い,本人,05012200000434
2025/11/05 14:41:31,-,3,-,-,-,日本,ポイント、残高の獲得,スターバックス コーヒー - 駅ビル店,PayPayポイント,-,本人,05012200000435
2025/11/05 14:41:31,636,-,-,-,-,日本,支払い,スターバックス コーヒー - 駅ビル店,PayPayあと払い,-,本人,05012200000435
2025/11/06 18:30:23,-,80,-,-,-,日本,ポイント、残高の獲得,Yahoo!ショッピング,PayPayポイント,-,本人,05012200000437
2025/11/06 18:30:23,"8,054",-,-,-,-,日本,支払い,Yahoo!ショッピング,PayPay残高,-,本人,05012200000437
2025/11/07 17:01:05,-,13,-,-,-,日本,ポイント、残高の獲得,業務スーパー 中央二丁目店,PayPayポイント,-,本人,05012200000438
2025/11/07 17:01:05,"1,315",-,-,-,-,日本,支払い,業務スーパー 中央二丁目店,クレジット Mastercard 0000,ー回払い,本人,05012200000438
2025/11/08 07:46:38,-,6,-,-,-,日本,ポイント、残高の獲得,セブン-イレブン 中央一丁目店,PayPayポイント,-,本人,05012200000439
2025/11/08 07:46:38,"1,313",-,-,-,-,日本,支払い,セブン-イレブン 中央一丁目店,PayPay残高,-,本人,05012200000439
2025/11/08 19:54:43,"1,590",-,-,-,-,日本,支払い,Netflix,クレジット Mastercard 0000,ー回払い,本人,05012200000423
2025/11/08 22:27:03,-,37,-,-,-,日本,ポイント、残高の獲得,ウエルシア薬局 中央店,PayPayポイント,-,本人,05012200000440
2025/11/08 22:27:03,"3,796",-,-,-,-,日本,支払い,ウエルシア薬局 中央店,PayPayあと払い,-,本人,05012200000440
2025/11/09 12:47:01,-,23,-,-,-,日本,ポイント、残高の獲得,イオン - 中央店,PayPayポイント,-,本人,05012200000441
2025/11/09 12:47:01,"4,639",-,-,-,-,日本,支払い,イオン - 中央店,PayPayあと払い,-,本人,05012200000441
2025/11/09 14:08:10,-,4,-,-,-,日本,ポイント、残高の獲得,ダイソー - 中央店,PayPayポイント,-,本人,05012200000442
2025/11/09 14:08:10,929,-,-,-,-,日本,支払い,ダイソー - 中央店,クレジット Mastercard 0000,ー回払い,本人,05012200000442
2025/11/09 16:43:33,"6,926",-,-,-,-,日本,支払い,水道料金 請求書払い,PayPay残高,-,本人,05012200000427
2025/11/10 22:41:48,-,22,-,-,-,日本,ポイント、残高の獲得,スシロー - 大通り店,PayPayポイント,-,本人,05012200000443
2025/11/10 22:41:48,"4,454",-,-,-,-,日本,支払い,スシロー - 大通り店,PayPayあと払い,-,本人,05012200000443
2025/11/11 17:56:27,-,6,-,-,-,日本,ポイント、残高の獲得,セブン-イレブン 中央一丁目店,PayPayポイント,-,本人,05012200000444
2025/11/11 17:56:27,"1,230",-,-,-,-,日本,支払い,セブン-イレブン 中央一丁目店,PayPay残高,-,本人,05012200000444
2025/11/12 09:41:21,-,3,-,-,-,日本,ポイント、残高の獲得,ローソン - 駅前店,PayPayポイント,-,本人,05012200000445
2025/11/12 09:41:21,364,-,-,-,-,日本,支払い,ローソン - 駅前店,PayPayあと払い,-,本人,05012200000445
2025/11/12 14:37:51,-,8,-,-,-,日本,ポイント、残高の獲得,イオン - 中央店,PayPayポイント,-,本人,05012200000446
2025/11/12 14:37:51,"1,785",-,-,-,-,日本,支払い,イオン - 中央店,PayPayあと払い,-,本人,05012200000446
2025/11/12 18:41:55,980,-,-,-,-,日本,支払い,Spotify,クレジット Mastercard 0000,ー回払い,本人,05012200000424
2025/11/12 20:08:35,-,42,-,-,-,日本,ポイント、残高の獲得,ウエルシア薬局 中央店,PayPayポイント,-,本人,05012200000447
2025/11/12 20:08:35,"4,297",-,-,-,-,日本,支払い,ウエルシア薬局 中央店,PayPay残高,-,本人,05012200000447
2025/11/13 16:12:52,-,"10,000",-,-,-,日本,チャージ,PayPay,PayPay残高,-,本人,05012200000429
2025/11/14 15:07:00,-,2,-,-,-,日本,ポイント、残高の獲得,ローソン - 駅前店,PayPayポイント,-,本人,05012200000448
2025/11/14 15:07:00,579,-,-,-,-,日本,支払い,ローソン - 駅前店,PayPayあと払い,-,本人,05012200000448
2025/11/15 11:08:18,-,"20,000",-,-,-,日本,チャージ,PayPay,PayPay残高,-,本人,05012200000428
2025/11/15 12:42:27,-,80,-,-,-,日本,ポイント、残高の獲得,Amazon.co.jp,PayPayポイント,-,本人,05012200000449
2025/11/15 12:42:27,"8,084",-,-,-,-,日本,支払い,Amazon.co.jp,PayPay残高,-,本人,05012200000449
2025/11/15 22:16:08,"4,362",-,-,-,-,日本,支払い,ガス料金 請求書払い,PayPay残高,-,本人,05012200000426
2025/11/17 19:43:47,-,4,-,-,-,日本,ポイント、残高の獲得,セブン-イレブン 中央一丁目店,PayPayポイント,-,本人,05012200000450
2025/11/17 19:43:47,953,-,-,-,-,日本,支払い,セブン-イレブン 中央一丁目店,PayPayあと払い,-,本人,05012200000450
2025/11/17 22:21:40,-,19,-,-,-,日本,ポイント、残高の獲得,サイゼリヤ - 中央店,PayPayポイント,-,本人,05012200000451
2025/11/17 22:21:40,"3,970",-,-,-,-,日本,支払い,サイゼリヤ - 中央店,クレジット Mastercard 0000,ー回払い,本人,05012200000451
2025/11/18 19:05:26,"4,378",-,-,-,-,日本,支払い,ソフトバンク 携帯料金,クレジット Mastercard 0000,ー回払い,本人,05012200000422
2025/11/19 10:07:31,-,4,-,-,-,日本,ポイント、残高の獲得,スターバックス コーヒー - 駅ビル店,PayPayポイント,-,本人,05012200000452
2025/11/19 10:07:31,917,-,-,-,-,日本,支払い,スターバックス コーヒー - 駅ビル店,PayPay残高,-,本人,05012200000452
2025/11/20 07:56:37,-,12,-,-,-,日本,ポイント、残高の獲得,イオン - 中央店,PayPayポイント,-,本人,05012200000454
2025/11/20 07:56:37,"2,484",-,-,-,-,日本,支払い,イオン - 中央店,PayPayあと払い,-,本人,05012200000454
2025/11/20 08:24:30,-,63,-,-,-,日本,ポイント、残高の獲得,ドン・キホーテ - 大通り店,PayPayポイント,-,本人,05012200000455
2025/11/20 08:24:30,"6,377",-,-,-,-,日本,支払い,ドン・キホーテ - 大通り店,PayPayあと払い,-,本人,05012200000455
2025/11/20 13:07:11,-,10,-,-,-,日本,ポイント、残高の獲得,ローソン - 駅前店,PayPayポイント,-,本人,05012200000453
2025/11/20 13:07:11,"1,072",-,-,-,-,日本,支払い,ローソン - 駅前店,PayPay残高,-,本人,05012200000453
2025/11/20 13:32:06,-,4,-,-,-,日本,ポイント、残高の獲得,スターバックス コーヒー - 駅ビル店,PayPayポイント,-,本人,05012200000456
2025/11/20 13:32:06,875,-,-,-,-,日本,支払い,スターバックス コーヒー - 駅ビル店,PayPay残高,-,本人,05012200000456
2025/11/21 09:47:39,-,17,-,-,-,日本,ポイント、残高の獲得,マクドナルド 西口店,PayPayポイント,-,本人,05012200000459
2025/11/21 09:47:39,"1,178",-,-,-,-,日本,支払い,マクドナルド 西口店,クレジット Mastercard 0000,ー回払い,本人,05012200000459
2025/11/21 11:45:19,-,3,-,-,-,日本,ポイント、残高の獲得,ドトールコーヒーショップ - 東口店,PayPayポイント,-,本人,05012200000458
2025/11/21 11:45:19,672,-,-,-,-,日本,支払い,ドトールコーヒーショップ - 東口店,PayPayあと払い,-,本人,05012200000458
2025/11/21 12:58:50,"6,659",-,-,-,-,日本,支払い,電気料金 請求書払い,PayPay残高,-,本人,05012200000425
2025/11/21 19:51:41,-,9,-,-,-,日本,ポイント、残高の獲得,スターバックス コーヒー - 駅ビル店,PayPayポイント,-,本人,05012200000457
2025/11/21 19:51:41,901,-,-,-,-,日本,支払い,スターバックス コーヒー - 駅ビル店,PayPay残高,-,本人,05012200000457
2025/11/22 13:03:45,-,2,-,-,-,日本,ポイント、残高の獲得,ドトールコーヒーショップ - 東口店,PayPayポイント,-,本人,05012200000460
2025/11/22 13:03:45,482,-,-,-,-,日本,支払い,ドトールコーヒーショップ - 東口店,クレジット Mastercard 0000,ー回払い,本人,05012200000460
2025/11/24 17:54:43,-,13,-,-,-,日本,ポイント、残高の獲得,セブン-イレブン 中央一丁目店,PayPayポイント,-,本人,05012200000461
2025/11/24 17:54:43,"1,312",-,-,-,-,日本,支払い,セブン-イレブン 中央一丁目店,PayPay残高,-,本人,05012200000461
2025/11/25 11:15:56,-,29,-,-,-,日本,ポイント、残高の獲得,ユニクロ - 大通り店,PayPayポイント,-,本人,05012200000463
2025/11/25 11:15:56,"5,819",-,-,-,-,日本,支払い,ユニクロ - 大通り店,PayPay残高,-,本人,05012200000463
2025/11/25 16:49:14,-,7,-,-,-,日本,ポイント、残高の獲得,スターバックス コーヒー - 駅ビル店,PayPayポイント,-,本人,05012200000462
2025/11/25 16:49:14,751,-,-,-,-,日本,支払い,スターバックス コーヒー - 駅ビル店,クレジット Mastercard 0000,ー回払い,本人,05012200000462
2025/11/26 17:14:07,-,6,-,-,-,日本,ポイント、残高の獲得,ドトールコーヒーショップ - 東口店,PayPayポイント,-,本人,05012200000465
2025/11/26 17:14:07,426,-,-,-,-,日本,支払い,ドトールコーヒーショップ - 東口店,PayPayあと払い,-,本人,05012200000465
2025/11/26 18:03:17,-,13,-,-,-,日本,ポイント、残高の獲得,業務スーパー 中央二丁目店,PayPayポイント,-,本人,05012200000464
2025/11/26 18:03:17,"2,799",-,-,-,-,日本,支払い,業務スーパー 中央二丁目店,クレジット Mastercard 0000,ー回払い,本人,05012200000464
2025/11/27 13:35:06,-,16,-,-,-,日本,ポイント、残高の獲得,タイムズ 中央第2,PayPayポイント,-,本人,05012200000467
2025/11/27 13:35:06,"1,081",-,-,-,-,日本,支払い,タイムズ 中央第2,PayPayあと払い,-,本人,05012200000467
2025/11/27 14:41:11,-,25,-,-,-,日本,ポイント、残高の獲得,イオン - 中央店,PayPayポイント,-,本人,05012200000466
2025/11/27 14:41:11,"5,126",-,-,-,-,日本,支払い,イオン - 中央店,PayPayあと払い,-,本人,05012200000466
2025/11/28 16:13:07,-,13,-,-,-,日本,ポイント、残高の獲得,セブン-イレブン 中央一丁目店,PayPayポイント,-,本人,05012200000468
2025/11/28 16:13:07,880,-,-,-,-,日本,支払い,セブン-イレブン 中央一丁目店,PayPay残高,-,本人,05012200000468
2025/11/28 19:18:48,-,2,-,-,-,日本,ポイント、残高の獲得,ローソン - 駅前店,PayPayポイント,-,本人,05012200000469
2025/11/28 19:18:48,514,-,-,-,-,日本,支払い,ローソン - 駅前店,PayPay残高,-,本人,05012200000469
2025/11/28 21:03:20,-,22,-,-,-,日本,ポイント、残高の獲得,イオン - 中央店,PayPayポイント,-,本人,05012200000470
2025/11/28 21:03:20,"4,400",-,-,-,-,日本,支払い,イオン - 中央店,PayPayあと払い,-,本人,05012200000470
2025/11/29 09:16:17,-,7,-,-,-,日本,ポイント、残高の獲得,餃子の王将 - 駅前店,PayPayポイント,-,本人,05012200000471
2025/11/29 09:16:17,"1,555",-,-,-,-,日本,支払い,餃子の王将 - 駅前店,PayPayあと払い,-,本人,05012200000471
2025/11/30 16:11:14,-,4,-,-,-,日本,ポイント、残高の獲得,セブン-イレブン 中央一丁目店,PayPayポイント,-,本人,05012200000472
2025/11/30 16:11:14,887,-,-,-,-,日本,支払い,セブン-イレブン 中央一丁目店,PayPay残高,-,本人,05012200000472
2025/12/01 08:10:05,-,7,-,-,-,日本,ポイント、残高の獲得,丸亀製麺 本町,PayPayポイント,-,本人,05012200000483
2025/12/01 08:10:05,"1,466",-,-,-,-,日本,支払い,丸亀製麺 本町,PayPay残高,-,本人,05012200000483
2025/12/01 11:16:19,-,2,-,-,-,日本,ポイント、残高の獲得,ドトールコーヒーショップ - 東口店,PayPayポイント,-,本人,05012200000482
2025/12/01 11:16:19,476,-,-,-,-,日本,支払い,ドトールコーヒーショップ - 東口店,PayPay残高,-,本人,05012200000482
2025/12/01 16:32:12,-,24,-,-,-,日本,ポイント、残高の獲得,ドン・キホーテ - 大通り店,PayPayポイント,-,本人,05012200000481
2025/12/01 16:32:12,"4,855",-,-,-,-,日本,支払い,ドン・キホーテ - 大通り店,クレジット Mastercard 0000,ー回払い,本人,05012200000481
2025/12/01 16:47:44,-,33,-,-,-,日本,ポイント、残高の獲得,Yahoo!ショッピング,PayPayポイント,-,本人,05012200000484
2025/12/01 16:47:44,"6,799",-,-,-,-,日本,支払い,Yahoo!ショッピング,PayPay残高,-,本人,05012200000484
2025/12/01 17:44:28,-,9,-,-,-,日本,ポイント、残高の獲得,業務スーパー 中央二丁目店,PayPayポイント,-,本人,05012200000480
2025/12/01 17:44:28,987,-,-,-,-,日本,支払い,業務スーパー 中央二丁目店,クレジット Mastercard 0000,ー回払い,本人,05012200000480
2025/12/02 09:50:14,-,5,-,-,-,日本,ポイント、残高の獲得,丸亀製麺 本町,PayPayポイント,-,本人,05012200000485
2025/12/02 09:50:14,"1,056",-,-,-,-,日本,支払い,丸亀製麺 本町,クレジット Mastercard 0000,ー回払い,本人,05012200000485
2025/12/03 13:20:58,-,20,-,-,-,日本,ポイント、残高の獲得,イオン - 中央店,PayPayポイント,-,本人,05012200000486
2025/12/03 13:20:58,"4,188",-,-,-,-,日本,支払い,イオン - 中央店,PayPay残高,-,本人,05012200000486
2025/12/04 21:50:11,-,54,-,-,-,日本,ポイント、残高の獲得,イオン - 中央店,PayPayポイント,-,本人,05012200000487
2025/12/04 21:50:11,"5,431",-,-,-,-,日本,支払い,イオン - 中央店,クレジット Mastercard 0000,ー回払い,本人,05012200000487
2025/12/05 20:54:09,-,15,-,-,-,日本,ポイント、残高の獲得,セブン-イレブン 中央一丁目店,PayPayポイント,-,本人,05012200000488
2025/12/05 20:54:09,"1,034",-,-,-,-,日本,支払い,セブン-イレブン 中央一丁目店,PayPayあと払い,-,本人,05012200000488
2025/12/06 09:23:17,-,7,-,-,-,日本,ポイント、残高の獲得,マクドナルド 西口店,PayPayポイント,-,本人,05012200000491
2025/12/06 09:23:17,"1,539",-,-,-,-,日本,支払い,マクドナルド 西口店,PayPay残高,-,本人,05012200000491
2025/12/06 15:28:27,-,7,-,-,-,日本,ポイント、残高の獲得,セブン-イレブン 中央一丁目店,PayPayポイント,-,本人,05012200000489
2025/12/06 15:28:27,729,-,-,-,-,日本,支払い,セブン-イレブン 中央一丁目店,PayPay残高,-,本人,05012200000489
2025/12/06 17:12:36,-,33,-,-,-,日本,ポイント、残高の獲得,業務スーパー 中央二丁目店,PayPayポイント,-,本人,05012200000490
2025/12/06 17:12:36,"2,223",-,-,-,-,日本,支払い,業務スーパー 中央二丁目店,PayPay残高,-,本人,05012200000490
2025/12/07 10:01:14,-,7,-,-,-,日本,ポイント、残高の獲得,スターバックス コーヒー - 駅ビル店,PayPayポイント,-,本人,05012200000493
2025/12/07 10:01:14,529,-,-,-,-,日本,支払い,スターバックス コーヒー - 駅ビル店,クレジット Mastercard 0000,ー回払い,本人,05012200000493
2025/12/07 20:47:52,-,9,-,-,-,日本,ポイント、残高の獲得,セブン-イレブン 中央一丁目店,PayPayポイント,-,本人,05012200000492
2025/12/07 20:47:52,955,-,-,-,-,日本,支払い,セブン-イレブン 中央一丁目店,PayPay残高,-,本人,05012200000492
2025/12/08 13:49:18,-,6,-,-,-,日本,ポイント、残高の獲得,餃子の王将 - 駅前店,PayPayポイント,-,本人,05012200000495
2025/12/08 13:49:18,"1,246",-,-,-,-,日本,支払い,餃子の王将 - 駅前店,PayPay残高,-,本人,05012200000495
2025/12/08 15:22:31,-,3,-,-,-,日本,ポイント、残高の獲得,セブン-イレブン 中央一丁目店,PayPayポイント,-,本人,05012200000494
2025/12/08 15:22:31,729,-,-,-,-,日本,支払い,セブン-イレブン 中央一丁目店,PayPayあと払い,-,本人,05012200000494
2025/12/08 16:29:57,-,"20,000",-,-,-,日本,チャージ,PayPay,PayPay残高,-,本人,05012200000478
2025/12/08 17:45:27,-,6,-,-,-,日本,ポイント、残高の獲得,タイムズ 中央第2,PayPayポイント,-,本人,05012200000496
2025/12/08 17:45:27,"1,231",-,-,-,-,日本,支払い,タイムズ 中央第2,PayPay残高,-,本人,05012200000496
2025/12/08 20:02:25,"1,590",-,-,-,-,日本,支払い,Netflix,クレジット Mastercard 0000,ー回払い,本人,05012200000474
2025/12/09 09:51:05,-,12,-,-,-,日本,ポイント、残高の獲得,交通系ICチャージ,PayPayポイント,-,本人,05012200000500
2025/12/09 09:51:05,"2,513",-,-,-,-,日本,支払い,交通系ICチャージ,PayPay残高,-,本人,05012200000500
2025/12/09 15:12:15,-,9,-,-,-,日本,ポイント、残高の獲得,ローソン - 駅前店,PayPayポイント,-,本人,05012200000498
2025/12/09 15:12:15,986,-,-,-,-,日本,支払い,ローソン - 駅前店,PayPay残高,-,本人,05012200000498
2025/12/09 16:34:45,-,13,-,-,-,日本,ポイント、残高の獲得,セブン-イレブン 中央一丁目店,PayPayポイント,-,本人,05012200000497
2025/12/09 16:34:45,"1,333",-,-,-,-,日本,支払い,セブン-イレブン 中央一丁目店,PayPayあと払い,-,本人,05012200000497
2025/12/09 20:47:54,-,52,-,-,-,日本,ポイント、残高の獲得,イオン - 中央店,PayPayポイント,-,本人,05012200000499
2025/12/09 20:47:54,"5,282",-,-,-,-,日本,支払い,イオン - 中央店,クレジット Mastercard 0000,ー回払い,本人,05012200000499
2025/12/11 15:10:22,-,4,-,-,-,日本,ポイント、残高の獲得,交通系ICチャージ,PayPayポイント,-,本人,05012200000501
2025/12/11 15:10:22,814,-,-,-,-,日本,支払い,交通系ICチャージ,PayPay残高,-,本人,05012200000501
2025/12/12 07:35:37,980,-,-,-,-,日本,支払い,Spotify,クレジット Mastercard 0000,ー回払い,本人,05012200000475
2025/12/12 17:07:38,-,4,-,-,-,日本,ポイント、残高の獲得,ドトールコーヒーショップ - 東口店,PayPayポイント,-,本人,05012200000502
2025/12/12 17:07:38,454,-,-,-,-,日本,支払い,ドトールコーヒーショップ - 東口店,PayPay残高,-,本人,05012200000502
2025/12/13 08:39:09,-,4,-,-,-,日本,ポイント、残高の獲得,ファミリーマート 本町店,PayPayポイント,-,本人,05012200000503
2025/12/13 08:39:09,908,-,-,-,-,日本,支払い,ファミリーマート 本町店,PayPay残高,-,本人,05012200000503
2025/12/13 17:29:06,-,13,-,-,-,日本,ポイント、残高の獲得,すき家 - 東口店,PayPayポイント,-,本人,05012200000504
2025/12/13 17:29:06,"1,363",-,-,-,-,日本,支払い,すき家 - 東口店,クレジット Mastercard 0000,ー回払い,本人,05012200000504
2025/12/14 11:35:05,-,16,-,-,-,日本,ポイント、残高の獲得,スシロー - 大通り店,PayPayポイント,-,本人,05012200000507
2025/12/14 11:35:05,"3,258",-,-,-,-,日本,支払い,スシロー - 大通り店,クレジット Mastercard 0000,ー回払い,本人,05012200000507
2025/12/14 20:13:56,-,3,-,-,-,日本,ポイント、残高の獲得,スターバックス コーヒー - 駅ビル店,PayPayポイント,-,本人,05012200000506
2025/12/14 20:13:56,765,-,-,-,-,日本,支払い,スターバックス コーヒー - 駅ビル店,PayPay残高,-,本人,05012200000506
2025/12/14 22:06:09,-,3,-,-,-,日本,ポイント、残高の獲得,セブン-イレブン 中央一丁目店,PayPayポイント,-,本人,05012200000505
2025/12/14 22:06:09,799,-,-,-,-,日本,支払い,セブン-イレブン 中央一丁目店,PayPayあと払い,-,本人,05012200000505
2025/12/15 08:07:02,-,13,-,-,-,日本,ポイント、残高の獲得,業務スーパー 中央二丁目店,PayPayポイント,-,本人,05012200000510
2025/12/15 08:07:02,"2,627",-,-,-,-,日本,支払い,業務スーパー 中央二丁目店,PayPayあと払い,-,本人,05012200000510
2025/12/15 13:04:08,-,21,-,-,-,日本,ポイント、残高の獲得,イオン - 中央店,PayPayポイント,-,本人,05012200000509
2025/12/15 13:04:08,"4,243",-,-,-,-,日本,支払い,イオン - 中央店,クレジット Mastercard 0000,ー回払い,本人,05012200000509
2025/12/15 14:52:23,"5,001",-,-,-,-,日本,支払い,ガス料金 請求書払い,PayPay残高,-,本人,05012200000477
2025/12/15 15:55:45,-,20,-,-,-,日本,ポイント、残高の獲得,セブン-イレブン 中央一丁目店,PayPayポイント,-,本人,05012200000508
2025/12/15 15:55:45,"1,384",-,-,-,-,日本,支払い,セブン-イレブン 中央一丁目店,PayPay残高,-,本人,05012200000508
2025/12/16 07:41:55,-,13,-,-,-,日本,ポイント、残高の獲得,タイムズ 中央第2,PayPayポイント,-,本人,05012200000513
2025/12/16 07:41:55,"1,353",-,-,-,-,日本,支払い,タイムズ 中央第2,クレジット Mastercard 0000,ー回払い,本人,05012200000513
2025/12/16 13:46:49,-,1,-,-,-,日本,ポイント、残高の獲得,ファミリーマート 本町店,PayPayポイント,-,本人,05012200000511
2025/12/16 13:46:49,358,-,-,-,-,日本,支払い,ファミリーマート 本町店,クレジット Mastercard 0000,ー回払い,本人,05012200000511
2025/12/16 13:47:23,-,7,-,-,-,日本,ポイント、残高の獲得,スターバックス コーヒー - 駅ビル店,PayPayポイント,-,本人,05012200000512
2025/12/16 13:47:23,706,-,-,-,-,日本,支払い,スターバックス コーヒー - 駅ビル店,PayPay残高,-,本人,05012200000512
2025/12/17 11:10:37,-,16,-,-,-,日本,ポイント、残高の獲得,ウエルシア薬局 中央店,PayPayポイント,-,本人,05012200000514
2025/12/17 11:10:37,"3,326",-,-,-,-,日本,支払い,ウエルシア薬局 中央店,PayPay残高,-,本人,05012200000514
2025/12/18 13:45:37,"4,378",-,-,-,-,日本,支払い,ソフトバンク 携帯料金,クレジット Mastercard 0000,ー回払い,本人,05012200000473
2025/12/19 10:22:52,-,10,-,-,-,日本,ポイント、残高の獲得,マツモトキヨシ - 東口店,PayPayポイント,-,本人,05012200000516
2025/12/19 10:22:52,"1,005",-,-,-,-,日本,支払い,マツモトキヨシ - 東口店,PayPay残高,-,本人,05012200000516
2025/12/19 16:46:56,-,5,-,-,-,日本,ポイント、残高の獲得,セブン-イレブン 中央一丁目店,PayPayポイント,-,本人,05012200000515
2025/12/19 16:46:56,"1,124",-,-,-,-,日本,支払い,セブン-イレブン 中央一丁目店,PayPayあと払い,-,本人,05012200000515
2025/12/21 17:09:00,"11,768",-,-,-,-,日本,支払い,電気料金 請求書払い,PayPay残高,-,本人,05012200000476
2025/12/23 07:46:59,-,"30,000",-,-,-,日本,チャージ,PayPay,PayPay残高,-,本人,05012200000479
2025/12/24 10:59:19,-,54,-,-,-,日本,ポイント、残高の獲得,マツモトキヨシ - 東口店,PayPayポイント,-,本人,05012200000519
2025/12/24 10:59:19,"3,641",-,-,-,-,日本,支払い,マツモトキヨシ - 東口店,PayPay残高,-,本人,05012200000519
2025/12/24 19:42:51,-,17,-,-,-,日本,ポイント、残高の獲得,イオン - 中央店,PayPayポイント,-,本人,05012200000518
2025/12/24 19:42:51,"3,475",-,-,-,-,日本,支払い,イオン - 中央店,PayPay残高,-,本人,05012200000518
2025/12/24 21:56:26,-,10,-,-,-,日本,ポイント、残高の獲得,セブン-イレブン 中央一丁目店,PayPayポイント,-,本人,05012200000517
2025/12/24 21:56:26,"1,077",-,-,-,-,日本,支払い,セブン-イレブン 中央一丁目店,PayPayあと払い,-,本人,05012200000517
2025/12/25 19:54:04,-,13,-,-,-,日本,ポイント、残高の獲得,ファミリーマート 本町店,PayPayポイント,-,本人,05012200000520
2025/12/25 19:54:04,895,-,-,-,-,日本,支払い,ファミリーマート 本町店,PayPayあと払い,-,本人,05012200000520
2025/12/26 11:26:13,-,6,-,-,-,日本,ポイント、残高の獲得,ドトールコーヒーショップ - 東口店,PayPayポイント,-,本人,05012200000521
2025/12/26 11:26:13,459,-,-,-,-,日本,支払い,ドトールコーヒーショップ - 東口店,PayPayあと払い,-,本人,05012200000521
2025/12/27 10:21:12,-,3,-,-,-,日本,ポイント、残高の獲得,スターバックス コーヒー - 駅ビル店,PayPayポイント,-,本人,05012200000522
2025/12/27 10:21:12,686,-,-,-,-,日本,支払い,スターバックス コーヒー - 駅ビル店,PayPay残高,-,本人,05012200000522
2025/12/29 12:38:07,-,10,-,-,-,日本,ポイント、残高の獲得,業務スーパー 中央二丁目店,PayPayポイント,-,本人,05012200000524
2025/12/29 12:38:07,728,-,-,-,-,日本,支払い,業務スーパー 中央二丁目店,PayPay残高,-,本人,05012200000524
2025/12/29 15:28:53,-,3,-,-,-,日本,ポイント、残高の獲得,セブン-イレブン 中央一丁目店,PayPayポイント,-,本人,05012200000523
2025/12/29 15:28:53,398,-,-,-,-,日本,支払い,セブン-イレブン 中央一丁目店,クレジット Mastercard 0000,ー回払い,本人,05012200000523
2025/12/30 15:10:47,-,2,-,-,-,日本,ポイント、残高の獲得,ドトールコーヒーショップ - 東口店,PayPayポイント,-,本人,05012200000526
2025/12/30 15:10:47,588,-,-,-,-,日本,支払い,ドトールコーヒーショップ - 東口店,クレジット Mastercard 0000,ー回払い,本人,05012200000526
2025/12/30 20:30:53,-,7,-,-,-,日本,ポイント、残高の獲得,スターバックス コーヒー - 駅ビル店,PayPayポイント,-,本人,05012200000525
2025/12/30 20:30:53,721,-,-,-,-,日本,支払い,スターバックス コーヒー - 駅ビル店,PayPay残高,-,本人,05012200000525
2026/01/01 14:13:11,-,10,-,-,-,日本,ポイント、残高の獲得,マクドナルド 西口店,PayPayポイント,-,本人,05012200000535
2026/01/01 14:13:11,724,-,-,-,-,日本,支払い,マクドナルド 西口店,PayPayあと払い,-,本人,05012200000535
2026/01/02 19:55:07,-,38,-,-,-,日本,ポイント、残高の獲得,ユニクロ - 大通り店,PayPayポイント,-,本人,05012200000536
2026/01/02 19:55:07,"2,536",-,-,-,-,日本,支払い,ユニクロ - 大通り店,クレジット Mastercard 0000,ー回払い,本人,05012200000536
2026/01/03 07:38:22,-,40,-,-,-,日本,ポイント、残高の獲得,Amazon.co.jp,PayPayポイント,-,本人,05012200000540
2026/01/03 07:38:22,"8,166",-,-,-,-,日本,支払い,Amazon.co.jp,PayPay残高,-,本人,05012200000540
2026/01/03 10:30:03,-,46,-,-,-,日本,ポイント、残高の獲得,Yahoo!ショッピング,PayPayポイント,-,本人,05012200000541
2026/01/03 10:30:03,"4,671",-,-,-,-,日本,支払い,Yahoo!ショッピング,クレジット Mastercard 0000,ー回払い,本人,05012200000541
2026/01/03 14:58:48,-,11,-,-,-,日本,ポイント、残高の獲得,スターバックス コーヒー - 駅ビル店,PayPayポイント,-,本人,05012200000539
2026/01/03 14:58:48,786,-,-,-,-,日本,支払い,スターバックス コーヒー - 駅ビル店,PayPay残高,-,本人,05012200000539
2026/01/03 18:36:41,-,25,-,-,-,日本,ポイント、残高の獲得,イオン - 中央店,PayPayポイント,-,本人,05012200000538
2026/01/03 18:36:41,"5,019",-,-,-,-,日本,支払い,イオン - 中央店,PayPayあと払い,-,本人,05012200000538
2026/01/03 20:04:26,-,"20,000",-,-,-,日本,チャージ,PayPay,PayPay残高,-,本人,05012200000533
2026/01/03 21:51:42,-,4,-,-,-,日本,ポイント、残高の獲得,ローソン - 駅前店,PayPayポイント,-,本人,05012200000537
2026/01/03 21:51:42,995,-,-,-,-,日本,支払い,ローソン - 駅前店,クレジット Mastercard 0000,ー回払い,本人,05012200000537
2026/01/08 07:34:57,"1,590",-,-,-,-,日本,支払い,Netflix,クレジット Mastercard 0000,ー回払い,本人,05012200000528
2026/01/08 17:15:54,-,10,-,-,-,日本,ポイント、残高の獲得,業務スーパー 中央二丁目店,PayPayポイント,-,本人,05012200000542
2026/01/08 17:15:54,"2,151",-,-,-,-,日本,支払い,業務スーパー 中央二丁目店,PayPayあと払い,-,本人,05012200000542
2026/01/09 12:08:38,-,84,-,-,-,日本,ポイント、残高の獲得,イオン - 中央店,PayPayポイント,-,本人,05012200000543
2026/01/09 12:08:38,"5,603",-,-,-,-,日本,支払い,イオン - 中央店,PayPay残高,-,本人,05012200000543
2026/01/09 18:19:38,"4,957",-,-,-,-,日本,支払い,水道料金 請求書払い,PayPay残高,-,本人,05012200000532
2026/01/09 22:18:39,-,5,-,-,-,日本,ポイント、残高の獲得,交通系ICチャージ,PayPayポイント,-,本人,05012200000544
2026/01/09 22:18:39,"1,077",-,-,-,-,日本,支払い,交通系ICチャージ,PayPay残高,-,本人,05012200000544
2026/01/10 09:11:59,-,69,-,-,-,日本,ポイント、残高の獲得,イオン - 中央店,PayPayポイント,-,本人,05012200000545
2026/01/10 09:11:59,"4,656",-,-,-,-,日本,支払い,イオン - 中央店,PayPay残高,-,本人,05012200000545
2026/01/10 13:13:22,-,20,-,-,-,日本,ポイント、残高の獲得,業務スーパー 中央二丁目店,PayPayポイント,-,本人,05012200000546
2026/01/10 13:13:22,"1,384",-,-,-,-,日本,支払い,業務スーパー 中央二丁目店,PayPayあと払い,-,本人,05012200000546
2026/01/12 11:53:12,-,9,-,-,-,日本,ポイント、残高の獲得,ダイソー - 中央店,PayPayポイント,-,本人,05012200000547
2026/01/12 11:53:12,666,-,-,-,-,日本,支払い,ダイソー - 中央店,PayPay残高,-,本人,05012200000547
2026/01/12 11:54:41,980,-,-,-,-,日本,支払い,Spotify,クレジット Mastercard 0000,ー回払い,本人,05012200000529
2026/01/13 19:07:26,-,4,-,-,-,日本,ポイント、残高の獲得,ドトールコーヒーショップ - 東口店,PayPayポイント,-,本人,05012200000548
2026/01/13 19:07:26,327,-,-,-,-,日本,支払い,ドトールコーヒーショップ - 東口店,PayPay残高,-,本人,05012200000548
2026/01/14 16:20:08,-,2,-,-,-,日本,ポイント、残高の獲得,スターバックス コーヒー - 駅ビル店,PayPayポイント,-,本人,05012200000549
2026/01/14 16:20:08,470,-,-,-,-,日本,支払い,スターバックス コーヒー - 駅ビル店,クレジット Mastercard 0000,ー回払い,本人,05012200000549
2026/01/15 15:39:56,"3,938",-,-,-,-,日本,支払い,ガス料金 請求書払い,PayPay残高,-,本人,05012200000531
2026/01/17 21:16:34,-,2,-,-,-,日本,ポイント、残高の獲得,タイムズ 中央第2,PayPayポイント,-,本人,05012200000550
2026/01/17 21:16:34,194,-,-,-,-,日本,支払い,タイムズ 中央第2,PayPay残高,-,本人,05012200000550
2026/01/18 12:53:08,"4,378",-,-,-,-,日本,支払い,ソフトバンク 携帯料金,クレジット Mastercard 0000,ー回払い,本人,05012200000527
2026/01/18 13:44:14,-,26,-,-,-,日本,ポイント、残高の獲得,ドン・キホーテ - 大通り店,PayPayポイント,-,本人,05012200000551
2026/01/18 13:44:14,"2,647",-,-,-,-,日本,支払い,ドン・キホーテ - 大通り店,PayPayあと払い,-,本人,05012200000551
2026/01/18 21:13:10,-,10,-,-,-,日本,ポイント、残高の獲得,交通系ICチャージ,PayPayポイント,-,本人,05012200000552
2026/01/18 21:13:10,"1,042",-,-,-,-,日本,支払い,交通系ICチャージ,PayPay残高,-,本人,05012200000552
2026/01/19 08:49:59,-,8,-,-,-,日本,ポイント、残高の獲得,スターバックス コーヒー - 駅ビル店,PayPayポイント,-,本人,05012200000554
2026/01/19 08:49:59,547,-,-,-,-,日本,支払い,スターバックス コーヒー - 駅ビル店,PayPay残高,-,本人,05012200000554
2026/01/19 15:22:54,-,11,-,-,-,日本,ポイント、残高の獲得,QBハウス - 駅前店,PayPayポイント,-,本人,05012200000555
2026/01/19 15:22:54,"1,134",-,-,-,-,日本,支払い,QBハウス - 駅前店,PayPayあと払い,-,本人,05012200000555
2026/01/19 19:00:53,-,28,-,-,-,日本,ポイント、残高の獲得,ドン・キホーテ - 大通り店,PayPayポイント,-,本人,05012200000553
2026/01/19 19:00:53,"5,727",-,-,-,-,日本,支払い,ドン・キホーテ - 大通り店,PayPay残高,-,本人,05012200000553
2026/01/21 20:30:55,"11,481",-,-,-,-,日本,支払い,電気料金 請求書払い,PayPay残高,-,本人,05012200000530
2026/01/23 14:28:51,-,"30,000",-,-,-,日本,チャージ,PayPay,PayPay残高,-,本人,05012200000534
2026/01/25 12:42:08,-,9,-,-,-,日本,ポイント、残高の獲得,ブックオフ - 大通り店,PayPayポイント,-,本人,05012200000557
2026/01/25 12:42:08,"1,953",-,-,-,-,日本,支払い,ブックオフ - 大通り店,PayPay残高,-,本人,05012200000557
2026/01/25 16:20:19,-,6,-,-,-,日本,ポイント、残高の獲得,丸亀製麺 本町,PayPayポイント,-,本人,05012200000556
2026/01/25 16:20:19,"1,301",-,-,-,-,日本,支払い,丸亀製麺 本町,PayPay残高,-,本人,05012200000556
2026/01/26 10:39:33,-,22,-,-,-,日本,ポイント、残高の獲得,イオン - 中央店,PayPayポイント,-,本人,05012200000558
2026/01/26 10:39:33,"4,594",-,-,-,-,日本,支払い,イオン - 中央店,PayPay残高,-,本人,05012200000558
2026/01/27 10:16:46,-,10,-,-,-,日本,ポイント、残高の獲得,業務スーパー 中央二丁目店,PayPayポイント,-,本人,05012200000560
2026/01/27 10:16:46,"2,004",-,-,-,-,日本,支払い,業務スーパー 中央二丁目店,PayPayあと払い,-,本人,05012200000560
2026/01/27 17:00:35,-,2,-,-,-,日本,ポイント、残高の獲得,ファミリーマート 本町店,PayPayポイント,-,本人,05012200000559
2026/01/27 17:00:35,425,-,-,-,-,日本,支払い,ファミリーマート 本町店,PayPay残高,-,本人,05012200000559
2026/01/27 20:00:50,-,15,-,-,-,日本,ポイント、残高の獲得,すき家 - 東口店,PayPayポイント,-,本人,05012200000561
2026/01/27 20:00:50,"1,527",-,-,-,-,日本,支払い,すき家 - 東口店,PayPay残高,-,本人,05012200000561
2026/01/29 09:37:34,-,5,-,-,-,日本,ポイント、残高の獲得,ローソン - 駅前店,PayPayポイント,-,本人,05012200000562
2026/01/29 09:37:34,514,-,-,-,-,日本,支払い,ローソン - 駅前店,PayPay残高,-,本人,05012200000562
2026/01/29 14:41:58,-,19,-,-,-,日本,ポイント、残高の獲得,イオン - 中央店,PayPayポイント,-,本人,05012200000563
2026/01/29 14:41:58,"1,944",-,-,-,-,日本,支払い,イオン - 中央店,PayPay残高,-,本人,05012200000563
2026/01/30 20:29:45,-,40,-,-,-,日本,ポイント、残高の獲得,Yahoo!ショッピング,PayPayポイント,-,本人,05012200000564
2026/01/30 20:29:45,"8,007",-,-,-,-,日本,支払い,Yahoo!ショッピング,PayPay残高,-,本人,05012200000564
2026/01/31 16:02:56,-,5,-,-,-,日本,ポイント、残高の獲得,セブン-イレブン 中央一丁目店,PayPayポイント,-,本人,05012200000565
2026/01/31 16:02:56,389,-,-,-,-,日本,支払い,セブン-イレブン 中央一丁目店,PayPayあと払い,-,本人,05012200000565
2026/02/01 11:05:26,-,7,-,-,-,日本,ポイント、残高の獲得,丸亀製麺 本町,PayPayポイント,-,本人,05012200000572
2026/02/01 11:05:26,777,-,-,-,-,日本,支払い,丸亀製麺 本町,PayPay残高,-,本人,05012200000572
2026/02/02 13:14:07,-,8,-,-,-,日本,ポイント、残高の獲得,ドトールコーヒーショップ - 東口店,PayPayポイント,-,本人,05012200000573
2026/02/02 13:14:07,535,-,-,-,-,日本,支払い,ドトールコーヒーショップ - 東口店,PayPay残高,-,本人,05012200000573
2026/02/03 19:21:04,-,8,-,-,-,日本,ポイント、残高の獲得,セブン-イレブン 中央一丁目店,PayPayポイント,-,本人,05012200000574
2026/02/03 19:21:04,556,-,-,-,-,日本,支払い,セブン-イレブン 中央一丁目店,PayPay残高,-,本人,05012200000574
2026/02/05 20:26:48,-,7,-,-,-,日本,ポイント、残高の獲得,ガスト - 中央店,PayPayポイント,-,本人,05012200000575
2026/02/05 20:26:48,"1,522",-,-,-,-,日本,支払い,ガスト - 中央店,クレジット Mastercard 0000,ー回払い,本人,05012200000575
2026/02/07 15:12:36,-,23,-,-,-,日本,ポイント、残高の獲得,ガスト - 中央店,PayPayポイント,-,本人,05012200000577
2026/02/07 15:12:36,"2,350",-,-,-,-,日本,支払い,ガスト - 中央店,クレジット Mastercard 0000,ー回払い,本人,05012200000577
2026/02/07 15:25:24,-,19,-,-,-,日本,ポイント、残高の獲得,イオン - 中央店,PayPayポイント,-,本人,05012200000576
2026/02/07 15:25:24,"3,833",-,-,-,-,日本,支払い,イオン - 中央店,PayPay残高,-,本人,05012200000576
2026/02/08 07:19:59,-,115,-,-,-,日本,ポイント、残高の獲得,Yahoo!ショッピング,PayPayポイント,-,本人,05012200000578
2026/02/08 07:19:59,"7,677",-,-,-,-,日本,支払い,Yahoo!ショッピング,クレジット Mastercard 0000,ー回払い,本人,05012200000578
2026/02/08 18:42:22,"1,590",-,-,-,-,日本,支払い,Netflix,クレジット Mastercard 0000,ー回払い,本人,05012200000567
2026/02/09 09:19:26,-,55,-,-,-,日本,ポイント、残高の獲得,ユニクロ - 大通り店,PayPayポイント,-,本人,05012200000579
2026/02/09 09:19:26,"11,145",-,-,-,-,日本,支払い,ユニクロ - 大通り店,PayPay残高,-,本人,05012200000579
2026/02/10 17:27:42,-,4,-,-,-,日本,ポイント、残高の獲得,ローソン - 駅前店,PayPayポイント,-,本人,05012200000580
2026/02/10 17:27:42,472,-,-,-,-,日本,支払い,ローソン - 駅前店,PayPay残高,-,本人,05012200000580
2026/02/11 11:00:35,-,16,-,-,-,日本,ポイント、残高の獲得,ブックオフ - 大通り店,PayPayポイント,-,本人,05012200000582
2026/02/11 11:00:35,"1,107",-,-,-,-,日本,支払い,ブックオフ - 大通り店,PayPay残高,-,本人,05012200000582
2026/02/11 16:38:07,-,62,-,-,-,日本,ポイント、残高の獲得,イオン - 中央店,PayPayポイント,-,本人,05012200000581
2026/02/11 16:38:07,"4,156",-,-,-,-,日本,支払い,イオン - 中央店,PayPay残高,-,本人,05012200000581
2026/02/12 16:05:05,980,-,-,-,-,日本,支払い,Spotify,クレジット Mastercard 0000,ー回払い,本人,05012200000568
2026/02/12 21:43:04,-,"10,000",-,-,-,日本,チャージ,PayPay,PayPay残高,-,本人,05012200000571
2026/02/13 11:23:44,-,14,-,-,-,日本,ポイント、残高の獲得,マツモトキヨシ - 東口店,PayPayポイント,-,本人,05012200000583
2026/02/13 11:23:44,"2,831",-,-,-,-,日本,支払い,マツモトキヨシ - 東口店,PayPay残高,-,本人,05012200000583
2026/02/15 09:07:35,-,20,-,-,-,日本,ポイント、残高の獲得,イオン - 中央店,PayPayポイント,-,本人,05012200000584
2026/02/15 09:07:35,"4,035",-,-,-,-,日本,支払い,イオン - 中央店,PayPay残高,-,本人,05012200000584
2026/02/15 18:54:28,-,8,-,-,-,日本,ポイント、残高の獲得,餃子の王将 - 駅前店,PayPayポイント,-,本人,05012200000585
2026/02/15 18:54:28,"1,632",-,-,-,-,日本,支払い,餃子の王将 - 駅前店,クレジット Mastercard 0000,ー回払い,本人,05012200000585
2026/02/15 21:23:17,"3,468",-,-,-,-,日本,支払い,ガス料金 請求書払い,PayPay残高,-,本人,05012200000570
2026/02/16 14:50:55,-,8,-,-,-,日本,ポイント、残高の獲得,TOHOシネマズ - 駅前,PayPayポイント,-,本人,05012200000586
2026/02/16 14:50:55,"1,791",-,-,-,-,日本,支払い,TOHOシネマズ - 駅前,PayPay残高,-,本人,05012200000586
2026/02/17 13:34:13,-,27,-,-,-,日本,ポイント、残高の獲得,交通系ICチャージ,PayPayポイント,-,本人,05012200000589
2026/02/17 13:34:13,"1,800",-,-,-,-,日本,支払い,交通系ICチャージ,クレジット Mastercard 0000,ー回払い,本人,05012200000589
2026/02/17 17:41:37,-,7,-,-,-,日本,ポイント、残高の獲得,Yahoo!ショッピング,PayPayポイント,-,本人,05012200000588
2026/02/17 17:41:37,"1,599",-,-,-,-,日本,支払い,Yahoo!ショッピング,PayPay残高,-,本人,05012200000588
2026/02/17 18:25:27,-,17,-,-,-,日本,ポイント、残高の獲得,すき家 - 東口店,PayPayポイント,-,本人,05012200000587
2026/02/17 18:25:27,"1,790",-,-,-,-,日本,支払い,すき家 - 東口店,クレジット Mastercard 0000,ー回払い,本人,05012200000587
2026/02/18 17:42:33,"4,378",-,-,-,-,日本,支払い,ソフトバンク 携帯料金,クレジット Mastercard 0000,ー回払い,本人,05012200000566
2026/02/19 19:17:45,-,3,-,-,-,日本,ポイント、残高の獲得,スターバックス コーヒー - 駅ビル店,PayPayポイント,-,本人,05012200000590
2026/02/19 19:17:45,646,-,-,-,-,日本,支払い,スターバックス コーヒー - 駅ビル店,PayPayあと払い,-,本人,05012200000590
2026/02/20 14:07:44,-,11,-,-,-,日本,ポイント、残高の獲得,ローソン - 駅前店,PayPayポイント,-,本人,05012200000592
2026/02/20 14:07:44,777,-,-,-,-,日本,支払い,ローソン - 駅前店,PayPayあと払い,-,本人,05012200000592
2026/02/20 17:44:55,-,16,-,-,-,日本,ポイント、残高の獲得,セブン-イレブン 中央一丁目店,PayPayポイント,-,本人,05012200000591
2026/02/20 17:44:55,"1,120",-,-,-,-,日本,支払い,セブン-イレブン 中央一丁目店,クレジット Mastercard 0000,ー回払い,本人,05012200000591
2026/02/20 17:49:56,-,9,-,-,-,日本,ポイント、残高の獲得,丸亀製麺 本町,PayPayポイント,-,本人,05012200000593
2026/02/20 17:49:56,910,-,-,-,-,日本,支払い,丸亀製麺 本町,クレジット Mastercard 0000,ー回払い,本人,05012200000593
2026/02/21 10:55:22,-,14,-,-,-,日本,ポイント、残高の獲得,ファミリーマート 本町店,PayPayポイント,-,本人,05012200000595
2026/02/21 10:55:22,939,-,-,-,-,日本,支払い,ファミリーマート 本町店,PayPay残高,-,本人,05012200000595
2026/02/21 17:50:05,"10,738",-,-,-,-,日本,支払い,電気料金 請求書払い,PayPay残高,-,本人,05012200000569
2026/02/21 21:11:07,-,3,-,-,-,日本,ポイント、残高の獲得,ローソン - 駅前店,PayPayポイント,-,本人,05012200000594
2026/02/21 21:11:07,633,-,-,-,-,日本,支払い,ローソン - 駅前店,PayPay残高,-,本人,05012200000594
2026/02/22 16:18:59,-,4,-,-,-,日本,ポイント、残高の獲得,ローソン - 駅前店,PayPayポイント,-,本人,05012200000596
2026/02/22 16:18:59,283,-,-,-,-,日本,支払い,ローソン - 駅前店,PayPayあと払い,-,本人,05012200000596
2026/02/22 22:05:05,-,23,-,-,-,日本,ポイント、残高の獲得,イオン - 中央店,PayPayポイント,-,本人,05012200000597
2026/02/22 22:05:05,"1,570",-,-,-,-,日本,支払い,イオン - 中央店,PayPay残高,-,本人,05012200000597
2026/02/23 15:52:00,-,12,-,-,-,日本,ポイント、残高の獲得,セブン-イレブン 中央一丁目店,PayPayポイント,-,本人,05012200000598
2026/02/23 15:52:00,"1,224",-,-,-,-,日本,支払い,セブン-イレブン 中央一丁目店,クレジット Mastercard 0000,ー回払い,本人,05012200000598
2026/02/25 07:25:54,-,14,-,-,-,日本,ポイント、残高の獲得,ローソン - 駅前店,PayPayポイント,-,本人,05012200000600
2026/02/25 07:25:54,962,-,-,-,-,日本,支払い,ローソン - 駅前店,PayPay残高,-,本人,05012200000600
2026/02/25 17:12:27,-,13,-,-,-,日本,ポイント、残高の獲得,セブン-イレブン 中央一丁目店,PayPayポイント,-,本人,05012200000599
2026/02/25 17:12:27,898,-,-,-,-,日本,支払い,セブン-イレブン 中央一丁目店,クレジット Mastercard 0000,ー回払い,本人,05012200000599
2026/02/26 11:13:58,-,2,-,-,-,日本,ポイント、残高の獲得,スターバックス コーヒー - 駅ビル店,PayPayポイント,-,本人,05012200000602
2026/02/26 11:13:58,491,-,-,-,-,日本,支払い,スターバックス コーヒー - 駅ビル店,PayPayあと払い,-,本人,05012200000602
2026/02/26 13:18:22,-,9,-,-,-,日本,ポイント、残高の獲得,マツモトキヨシ - 東口店,PayPayポイント,-,本人,05012200000603
2026/02/26 13:18:22,"1,839",-,-,-,-,日本,支払い,マツモトキヨシ - 東口店,クレジット Mastercard 0000,ー回払い,本人,05012200000603
2026/02/26 21:39:50,-,9,-,-,-,日本,ポイント、残高の獲得,イオン - 中央店,PayPayポイント,-,本人,05012200000601
2026/02/26 21:39:50,"1,908",-,-,-,-,日本,支払い,イオン - 中央店,PayPay残高,-,本人,05012200000601
2026/03/01 14:23:30,-,4,-,-,-,日本,ポイント、残高の獲得,セブン-イレブン 中央一丁目店,PayPayポイント,-,本人,05012200000611
2026/03/01 14:23:30,821,-,-,-,-,日本,支払い,セブン-イレブン 中央一丁目店,PayPayあと払い,-,本人,05012200000611
2026/03/01 18:39:26,-,2,-,-,-,日本,ポイント、残高の獲得,ドトールコーヒーショップ - 東口店,PayPayポイント,-,本人,05012200000612
2026/03/01 18:39:26,523,-,-,-,-,日本,支払い,ドトールコーヒーショップ - 東口店,PayPay残高,-,本人,05012200000612
2026/03/03 13:55:10,-,4,-,-,-,日本,ポイント、残高の獲得,ダイソー - 中央店,PayPayポイント,-,本人,05012200000614
2026/03/03 13:55:10,880,-,-,-,-,日本,支払い,ダイソー - 中央店,PayPay残高,-,本人,05012200000614
2026/03/03 15:11:17,-,8,-,-,-,日本,ポイント、残高の獲得,丸亀製麺 本町,PayPayポイント,-,本人,05012200000613
2026/03/03 15:11:17,599,-,-,-,-,日本,支払い,丸亀製麺 本町,PayPay残高,-,本人,05012200000613
2026/03/04 11:17:39,-,10,-,-,-,日本,ポイント、残高の獲得,セブン-イレブン 中央一丁目店,PayPayポイント,-,本人,05012200000615
2026/03/04 11:17:39,677,-,-,-,-,日本,支払い,セブン-イレブン 中央一丁目店,クレジット Mastercard 0000,ー回払い,本人,05012200000615
2026/03/05 16:00:11,-,2,-,-,-,日本,ポイント、残高の獲得,ローソン - 駅前店,PayPayポイント,-,本人,05012200000616
2026/03/05 16:00:11,546,-,-,-,-,日本,支払い,ローソン - 駅前店,PayPay残高,-,本人,05012200000616
2026/03/06 11:54:40,-,14,-,-,-,日本,ポイント、残高の獲得,イオン - 中央店,PayPayポイント,-,本人,05012200000617
2026/03/06 11:54:40,"2,992",-,-,-,-,日本,支払い,イオン - 中央店,PayPayあと払い,-,本人,05012200000617
2026/03/06 22:28:08,-,9,-,-,-,日本,ポイント、残高の獲得,業務スーパー 中央二丁目店,PayPayポイント,-,本人,05012200000618
2026/03/06 22:28:08,"1,893",-,-,-,-,日本,支払い,業務スーパー 中央二丁目店,PayPay残高,-,本人,05012200000618
2026/03/08 11:54:48,-,7,-,-,-,日本,ポイント、残高の獲得,マクドナルド 西口店,PayPayポイント,-,本人,05012200000619
2026/03/08 11:54:48,493,-,-,-,-,日本,支払い,マクドナルド 西口店,PayPayあと払い,-,本人,05012200000619
2026/03/08 19:16:34,"1,590",-,-,-,-,日本,支払い,Netflix,クレジット Mastercard 0000,ー回払い,本人,05012200000605
2026/03/09 07:18:16,-,20,-,-,-,日本,ポイント、残高の獲得,交通系ICチャージ,PayPayポイント,-,本人,05012200000623
2026/03/09 07:18:16,"1,388",-,-,-,-,日本,支払い,交通系ICチャージ,PayPay残高,-,本人,05012200000623
2026/03/09 07:57:15,-,44,-,-,-,日本,ポイント、残高の獲得,イオン - 中央店,PayPayポイント,-,本人,05012200000620
2026/03/09 07:57:15,"4,478",-,-,-,-,日本,支払い,イオン - 中央店,クレジット Mastercard 0000,ー回払い,本人,05012200000620
2026/03/09 10:27:11,-,7,-,-,-,日本,ポイント、残高の獲得,スターバックス コーヒー - 駅ビル店,PayPayポイント,-,本人,05012200000621
2026/03/09 10:27:11,515,-,-,-,-,日本,支払い,スターバックス コーヒー - 駅ビル店,PayPayあと払い,-,本人,05012200000621
2026/03/09 12:02:12,"6,477",-,-,-,-,日本,支払い,水道料金 請求書払い,PayPay残高,-,本人,05012200000609
2026/03/09 18:45:48,-,3,-,-,-,日本,ポイント、残高の獲得,タイムズ 中央第2,PayPayポイント,-,本人,05012200000622
2026/03/09 18:45:48,678,-,-,-,-,日本,支払い,タイムズ 中央第2,PayPay残高,-,本人,05012200000622
2026/03/11 22:21:22,-,8,-,-,-,日本,ポイント、残高の獲得,ローソン - 駅前店,PayPayポイント,-,本人,05012200000624
2026/03/11 22:21:22,879,-,-,-,-,日本,支払い,ローソン - 駅前店,PayPay残高,-,本人,05012200000624
2026/03/12 17:42:02,980,-,-,-,-,日本,支払い,Spotify,クレジット Mastercard 0000,ー回払い,本人,05012200000606
2026/03/13 09:22:32,-,5,-,-,-,日本,ポイント、残高の獲得,ドトールコーヒーショップ - 東口店,PayPayポイント,-,本人,05012200000625
2026/03/13 09:22:32,535,-,-,-,-,日本,支払い,ドトールコーヒーショップ - 東口店,PayPay残高,-,本人,05012200000625
2026/03/14 08:07:39,-,2,-,-,-,日本,ポイント、残高の獲得,ローソン - 駅前店,PayPayポイント,-,本人,05012200000626
2026/03/14 08:07:39,595,-,-,-,-,日本,支払い,ローソン - 駅前店,PayPay残高,-,本人,05012200000626
2026/03/14 16:22:41,-,"3,480",-,-,-,日本,返金,Amazon.co.jp,PayPay残高,-,本人,05012200000790
2026/03/14 22:58:34,-,6,-,-,-,日本,ポイント、残高の獲得,スターバックス コーヒー - 駅ビル店,PayPayポイント,-,本人,05012200000627
2026/03/14 22:58:34,676,-,-,-,-,日本,支払い,スターバックス コーヒー - 駅ビル店,PayPay残高,-,本人,05012200000627
2026/03/15 15:36:33,"6,627",-,-,-,-,日本,支払い,ガス料金 請求書払い,PayPay残高,-,本人,05012200000608
2026/03/15 16:26:07,-,"10,000",-,-,-,日本,チャージ,PayPay,PayPay残高,-,本人,05012200000610
2026/03/15 19:44:10,-,3,-,-,-,日本,ポイント、残高の獲得,ドトールコーヒーショップ - 東口店,PayPayポイント,-,本人,05012200000628
2026/03/15 19:44:10,344,-,-,-,-,日本,支払い,ドトールコーヒーショップ - 東口店,PayPay残高,-,本人,05012200000628
2026/03/16 13:31:18,-,6,-,-,-,日本,ポイント、残高の獲得,セブン-イレブン 中央一丁目店,PayPayポイント,-,本人,05012200000629
2026/03/16 13:31:18,463,-,-,-,-,日本,支払い,セブン-イレブン 中央一丁目店,PayPayあと払い,-,本人,05012200000629
2026/03/18 19:19:29,"4,378",-,-,-,-,日本,支払い,ソフトバンク 携帯料金,クレジット Mastercard 0000,ー回払い,本人,05012200000604
2026/03/19 08:18:33,-,1,-,-,-,日本,ポイント、残高の獲得,セブン-イレブン 中央一丁目店,PayPayポイント,-,本人,05012200000630
2026/03/19 08:18:33,352,-,-,-,-,日本,支払い,セブン-イレブン 中央一丁目店,PayPay残高,-,本人,05012200000630
2026/03/21 07:05:31,"7,518",-,-,-,-,日本,支払い,電気料金 請求書払い,PayPay残高,-,本人,05012200000607
2026/03/22 18:38:38,-,5,-,-,-,日本,ポイント、残高の獲得,Yahoo!ショッピング,PayPayポイント,-,本人,05012200000631
2026/03/22 18:38:38,"1,046",-,-,-,-,日本,支払い,Yahoo!ショッピング,クレジット Mastercard 0000,ー回払い,本人,05012200000631
2026/03/27 12:15:44,-,3,-,-,-,日本,ポイント、残高の獲得,ダイソー - 中央店,PayPayポイント,-,本人,05012200000633
2026/03/27 12:15:44,320,-,-,-,-,日本,支払い,ダイソー - 中央店,クレジット Mastercard 0000,ー回払い,本人,05012200000633
2026/03/27 22:11:43,-,11,-,-,-,日本,ポイント、残高の獲得,業務スーパー 中央二丁目店,PayPayポイント,-,本人,05012200000632
2026/03/27 22:11:43,"2,394",-,-,-,-,日本,支払い,業務スーパー 中央二丁目店,クレジット Mastercard 0000,ー回払い,本人,05012200000632
2026/03/29 16:48:55,-,13,-,-,-,日本,ポイント、残高の獲得,イオン - 中央店,PayPayポイント,-,本人,05012200000634
2026/03/29 16:48:55,"2,793",-,-,-,-,日本,支払い,イオン - 中央店,PayPayあと払い,-,本人,05012200000634
2026/03/30 15:23:14,-,5,-,-,-,日本,ポイント、残高の獲得,マクドナルド 西口店,PayPayポイント,-,本人,05012200000636
2026/03/30 15:23:14,505,-,-,-,-,日本,支払い,マクドナルド 西口店,PayPay残高,-,本人,05012200000636
2026/03/30 17:44:06,-,5,-,-,-,日本,ポイント、残高の獲得,丸亀製麺 本町,PayPayポイント,-,本人,05012200000635
2026/03/30 17:44:06,541,-,-,-,-,日本,支払い,丸亀製麺 本町,PayPayあと払い,-,本人,05012200000635
2026/04/01 08:45:09,-,5,-,-,-,日本,ポイント、残高の獲得,セブン-イレブン 中央一丁目店,PayPayポイント,-,本人,05012200000643
2026/04/01 08:45:09,"1,040",-,-,-,-,日本,支払い,セブン-イレブン 中央一丁目店,クレジット Mastercard 0000,ー回払い,本人,05012200000643
2026/04/01 15:54:04,-,19,-,-,-,日本,ポイント、残高の獲得,すき家 - 東口店,PayPayポイント,-,本人,05012200000646
2026/04/01 15:54:04,"1,323",-,-,-,-,日本,支払い,すき家 - 東口店,PayPay残高,-,本人,05012200000646
2026/04/01 17:49:41,-,6,-,-,-,日本,ポイント、残高の獲得,ファミリーマート 本町店,PayPayポイント,-,本人,05012200000644
2026/04/01 17:49:41,434,-,-,-,-,日本,支払い,ファミリーマート 本町店,PayPayあと払い,-,本人,05012200000644
2026/04/01 17:58:52,-,2,-,-,-,日本,ポイント、残高の獲得,スターバックス コーヒー - 駅ビル店,PayPayポイント,-,本人,05012200000645
2026/04/01 17:58:52,463,-,-,-,-,日本,支払い,スターバックス コーヒー - 駅ビル店,クレジット Mastercard 0000,ー回払い,本人,05012200000645
2026/04/01 19:50:26,-,29,-,-,-,日本,ポイント、残高の獲得,交通系ICチャージ,PayPayポイント,-,本人,05012200000647
2026/04/01 19:50:26,"1,945",-,-,-,-,日本,支払い,交通系ICチャージ,クレジット Mastercard 0000,ー回払い,本人,05012200000647
2026/04/05 12:42:00,-,54,-,-,-,日本,ポイント、残高の獲得,イオン - 中央店,PayPayポイント,-,本人,05012200000648
2026/04/05 12:42:00,"3,622",-,-,-,-,日本,支払い,イオン - 中央店,PayPay残高,-,本人,05012200000648
2026/04/05 21:51:47,-,2,-,-,-,日本,ポイント、残高の獲得,タイムズ 中央第2,PayPayポイント,-,本人,05012200000649
2026/04/05 21:51:47,435,-,-,-,-,日本,支払い,タイムズ 中央第2,PayPay残高,-,本人,05012200000649
2026/04/07 10:08:02,-,4,-,-,-,日本,ポイント、残高の獲得,スターバックス コーヒー - 駅ビル店,PayPayポイント,-,本人,05012200000653
2026/04/07 10:08:02,483,-,-,-,-,日本,支払い,スターバックス コーヒー - 駅ビル店,PayPay残高,-,本人,05012200000653
2026/04/07 13:02:57,-,14,-,-,-,日本,ポイント、残高の獲得,セブン-イレブン 中央一丁目店,PayPayポイント,-,本人,05012200000650
2026/04/07 13:02:57,951,-,-,-,-,日本,支払い,セブン-イレブン 中央一丁目店,PayPay残高,-,本人,05012200000650
2026/04/07 17:27:02,-,30,-,-,-,日本,ポイント、残高の獲得,業務スーパー 中央二丁目店,PayPayポイント,-,本人,05012200000652
2026/04/07 17:27:02,"2,031",-,-,-,-,日本,支払い,業務スーパー 中央二丁目店,PayPay残高,-,本人,05012200000652
2026/04/07 17:36:45,-,15,-,-,-,日本,ポイント、残高の獲得,丸亀製麺 本町,PayPayポイント,-,本人,05012200000654
2026/04/07 17:36:45,"1,065",-,-,-,-,日本,支払い,丸亀製麺 本町,PayPayあと払い,-,本人,05012200000654
2026/04/07 20:28:20,-,8,-,-,-,日本,ポイント、残高の獲得,ローソン - 駅前店,PayPayポイント,-,本人,05012200000651
2026/04/07 20:28:20,864,-,-,-,-,日本,支払い,ローソン - 駅前店,PayPay残高,-,本人,05012200000651
2026/04/08 07:29:02,-,23,-,-,-,日本,ポイント、残高の獲得,すき家 - 東口店,PayPayポイント,-,本人,05012200000656
2026/04/08 07:29:02,"1,586",-,-,-,-,日本,支払い,すき家 - 東口店,PayPay残高,-,本人,05012200000656
2026/04/08 09:19:59,-,22,-,-,-,日本,ポイント、残高の獲得,マクドナルド 西口店,PayPayポイント,-,本人,05012200000657
2026/04/08 09:19:59,"1,495",-,-,-,-,日本,支払い,マクドナルド 西口店,PayPay残高,-,本人,05012200000657
2026/04/08 10:39:25,-,13,-,-,-,日本,ポイント、残高の獲得,セブン-イレブン 中央一丁目店,PayPayポイント,-,本人,05012200000655
2026/04/08 10:39:25,870,-,-,-,-,日本,支払い,セブン-イレブン 中央一丁目店,PayPayあと払い,-,本人,05012200000655
2026/04/08 15:47:51,"1,590",-,-,-,-,日本,支払い,Netflix,クレジット Mastercard 0000,ー回払い,本人,05012200000638
2026/04/10 18:56:05,-,8,-,-,-,日本,ポイント、残高の獲得,スターバックス コーヒー - 駅ビル店,PayPayポイント,-,本人,05012200000659
2026/04/10 18:56:05,578,-,-,-,-,日本,支払い,スターバックス コーヒー - 駅ビル店,PayPay残高,-,本人,05012200000659
2026/04/10 22:08:32,-,15,-,-,-,日本,ポイント、残高の獲得,ファミリーマート 本町店,PayPayポイント,-,本人,05012200000658
2026/04/10 22:08:32,"1,034",-,-,-,-,日本,支払い,ファミリーマート 本町店,クレジット Mastercard 0000,ー回払い,本人,05012200000658
2026/04/12 18:01:58,980,-,-,-,-,日本,支払い,Spotify,クレジット Mastercard 0000,ー回払い,本人,05012200000639
2026/04/12 21:32:30,-,12,-,-,-,日本,ポイント、残高の獲得,業務スーパー 中央二丁目店,PayPayポイント,-,本人,05012200000660
2026/04/12 21:32:30,"2,594",-,-,-,-,日本,支払い,業務スーパー 中央二丁目店,PayPay残高,-,本人,05012200000660
2026/04/13 22:53:20,-,17,-,-,-,日本,ポイント、残高の獲得,イオン - 中央店,PayPayポイント,-,本人,05012200000661
2026/04/13 22:53:20,"1,140",-,-,-,-,日本,支払い,イオン - 中央店,PayPay残高,-,本人,05012200000661
2026/04/15 12:41:09,"6,779",-,-,-,-,日本,支払い,ガス料金 請求書払い,PayPay残高,-,本人,05012200000641
2026/04/15 19:24:41,-,10,-,-,-,日本,ポイント、残高の獲得,イオン - 中央店,PayPayポイント,-,本人,05012200000662
2026/04/15 19:24:41,"2,078",-,-,-,-,日本,支払い,イオン - 中央店,PayPay残高,-,本人,05012200000662
2026/04/18 18:17:01,-,7,-,-,-,日本,ポイント、残高の獲得,セブン-イレブン 中央一丁目店,PayPayポイント,-,本人,05012200000663
2026/04/18 18:17:01,533,-,-,-,-,日本,支払い,セブン-イレブン 中央一丁目店,クレジット Mastercard 0000,ー回払い,本人,05012200000663
2026/04/18 22:51:40,"4,378",-,-,-,-,日本,支払い,ソフトバンク 携帯料金,クレジット Mastercard 0000,ー回払い,本人,05012200000637
2026/04/20 19:35:35,-,5,-,-,-,日本,ポイント、残高の獲得,セブン-イレブン 中央一丁目店,PayPayポイント,-,本人,05012200000664
2026/04/20 19:35:35,393,-,-,-,-,日本,支払い,セブン-イレブン 中央一丁目店,PayPay残高,-,本人,05012200000664
2026/04/21 09:08:11,-,35,-,-,-,日本,ポイント、残高の獲得,交通系ICチャージ,PayPayポイント,-,本人,05012200000665
2026/04/21 09:08:11,"2,373",-,-,-,-,日本,支払い,交通系ICチャージ,クレジット Mastercard 0000,ー回払い,本人,05012200000665
2026/04/21 12:48:07,"7,469",-,-,-,-,日本,支払い,電気料金 請求書払い,PayPay残高,-,本人,05012200000640
2026/04/22 11:43:42,-,58,-,-,-,日本,ポイント、残高の獲得,スシロー - 大通り店,PayPayポイント,-,本人,05012200000667
2026/04/22 11:43:42,"3,895",-,-,-,-,日本,支払い,スシロー - 大通り店,PayPay残高,-,本人,05012200000667
2026/04/22 18:15:43,-,22,-,-,-,日本,ポイント、残高の獲得,イオン - 中央店,PayPayポイント,-,本人,05012200000666
2026/04/22 18:15:43,"2,242",-,-,-,-,日本,支払い,イオン - 中央店,クレジット Mastercard 0000,ー回払い,本人,05012200000666
2026/04/23 07:16:20,-,"10,000",-,-,-,日本,チャージ,PayPay,PayPay残高,-,本人,05012200000642
2026/04/23 10:32:04,-,6,-,-,-,日本,ポイント、残高の獲得,ダイソー - 中央店,PayPayポイント,-,本人,05012200000668
2026/04/23 10:32:04,430,-,-,-,-,日本,支払い,ダイソー - 中央店,クレジット Mastercard 0000,ー回払い,本人,05012200000668
2026/04/25 12:55:57,-,5,-,-,-,日本,ポイント、残高の獲得,業務スーパー 中央二丁目店,PayPayポイント,-,本人,05012200000669
2026/04/25 12:55:57,"1,140",-,-,-,-,日本,支払い,業務スーパー 中央二丁目店,PayPay残高,-,本人,05012200000669
2026/04/27 18:38:15,-,49,-,-,-,日本,ポイント、残高の獲得,ニトリ - 北町店,PayPayポイント,-,本人,05012200000670
2026/04/27 18:38:15,"3,318",-,-,-,-,日本,支払い,ニトリ - 北町店,クレジット Mastercard 0000,ー回払い,本人,05012200000670
2026/04/28 09:15:41,-,6,-,-,-,日本,ポイント、残高の獲得,ローソン - 駅前店,PayPayポイント,-,本人,05012200000671
2026/04/28 09:15:41,465,-,-,-,-,日本,支払い,ローソン - 駅前店,PayPay残高,-,本人,05012200000671
2026/04/28 16:58:50,-,4,-,-,-,日本,ポイント、残高の獲得,丸亀製麺 本町,PayPayポイント,-,本人,05012200000674
2026/04/28 16:58:50,962,-,-,-,-,日本,支払い,丸亀製麺 本町,PayPay残高,-,本人,05012200000674
2026/04/28 21:10:07,-,3,-,-,-,日本,ポイント、残高の獲得,ファミリーマート 本町店,PayPayポイント,-,本人,05012200000672
2026/04/28 21:10:07,622,-,-,-,-,日本,支払い,ファミリーマート 本町店,クレジット Mastercard 0000,ー回払い,本人,05012200000672
2026/04/28 22:10:37,-,30,-,-,-,日本,ポイント、残高の獲得,ドン・キホーテ - 大通り店,PayPayポイント,-,本人,05012200000673
2026/04/28 22:10:37,"6,180",-,-,-,-,日本,支払い,ドン・キホーテ - 大通り店,PayPay残高,-,本人,05012200000673
2026/04/29 11:31:51,-,18,-,-,-,日本,ポイント、残高の獲得,すき家 - 東口店,PayPayポイント,-,本人,05012200000676
2026/04/29 11:31:51,"1,222",-,-,-,-,日本,支払い,すき家 - 東口店,クレジット Mastercard 0000,ー回払い,本人,05012200000676
2026/04/29 17:00:14,-,6,-,-,-,日本,ポイント、残高の獲得,業務スーパー 中央二丁目店,PayPayポイント,-,本人,05012200000675
2026/04/29 17:00:14,"1,369",-,-,-,-,日本,支払い,業務スーパー 中央二丁目店,クレジット Mastercard 0000,ー回払い,本人,05012200000675
2026/05/02 08:09:34,-,3,-,-,-,日本,ポイント、残高の獲得,ダイソー - 中央店,PayPayポイント,-,本人,05012200000685
2026/05/02 08:09:34,786,-,-,-,-,日本,支払い,ダイソー - 中央店,PayPay残高,-,本人,05012200000685
2026/05/04 08:06:50,-,52,-,-,-,日本,ポイント、残高の獲得,Amazon.co.jp,PayPayポイント,-,本人,05012200000686
2026/05/04 08:06:50,"3,478",-,-,-,-,日本,支払い,Amazon.co.jp,PayPay残高,-,本人,05012200000686
2026/05/05 09:05:05,-,"10,000",-,-,-,日本,チャージ,PayPay,PayPay残高,-,本人,05012200000684
2026/05/05 13:21:20,-,8,-,-,-,日本,ポイント、残高の獲得,すき家 - 東口店,PayPayポイント,-,本人,05012200000687
2026/05/05 13:21:20,"1,626",-,-,-,-,日本,支払い,すき家 - 東口店,PayPay残高,-,本人,05012200000687
2026/05/06 19:13:39,-,19,-,-,-,日本,ポイント、残高の獲得,イオン - 中央店,PayPayポイント,-,本人,05012200000689
2026/05/06 19:13:39,"3,990",-,-,-,-,日本,支払い,イオン - 中央店,PayPay残高,-,本人,05012200000689
2026/05/06 20:38:27,-,9,-,-,-,日本,ポイント、残高の獲得,ローソン - 駅前店,PayPayポイント,-,本人,05012200000688
2026/05/06 20:38:27,906,-,-,-,-,日本,支払い,ローソン - 駅前店,PayPay残高,-,本人,05012200000688
2026/05/06 21:08:52,-,20,-,-,-,日本,ポイント、残高の獲得,丸亀製麺 本町,PayPayポイント,-,本人,05012200000690
2026/05/06 21:08:52,"1,357",-,-,-,-,日本,支払い,丸亀製麺 本町,クレジット Mastercard 0000,ー回払い,本人,05012200000690
2026/05/07 11:01:36,-,19,-,-,-,日本,ポイント、残高の獲得,ウエルシア薬局 中央店,PayPayポイント,-,本人,05012200000693
2026/05/07 11:01:36,"1,303",-,-,-,-,日本,支払い,ウエルシア薬局 中央店,PayPay残高,-,本人,05012200000693
2026/05/07 17:01:46,-,10,-,-,-,日本,ポイント、残高の獲得,餃子の王将 - 駅前店,PayPayポイント,-,本人,05012200000692
2026/05/07 17:01:46,"2,065",-,-,-,-,日本,支払い,餃子の王将 - 駅前店,PayPay残高,-,本人,05012200000692
2026/05/07 22:26:18,-,2,-,-,-,日本,ポイント、残高の獲得,スターバックス コーヒー - 駅ビル店,PayPayポイント,-,本人,05012200000691
2026/05/07 22:26:18,570,-,-,-,-,日本,支払い,スターバックス コーヒー - 駅ビル店,PayPay残高,-,本人,05012200000691
2026/05/08 07:29:17,"1,590",-,-,-,-,日本,支払い,Netflix,クレジット Mastercard 0000,ー回払い,本人,05012200000678
2026/05/08 07:29:32,-,35,-,-,-,日本,ポイント、残高の獲得,Yahoo!ショッピング,PayPayポイント,-,本人,05012200000695
2026/05/08 07:29:32,"3,585",-,-,-,-,日本,支払い,Yahoo!ショッピング,PayPay残高,-,本人,05012200000695
2026/05/08 15:50:51,-,17,-,-,-,日本,ポイント、残高の獲得,業務スーパー 中央二丁目店,PayPayポイント,-,本人,05012200000694
2026/05/08 15:50:51,"1,781",-,-,-,-,日本,支払い,業務スーパー 中央二丁目店,PayPayあと払い,-,本人,05012200000694
2026/05/09 16:32:17,"6,472",-,-,-,-,日本,支払い,水道料金 請求書払い,PayPay残高,-,本人,05012200000682
2026/05/11 08:42:28,-,2,-,-,-,日本,ポイント、残高の獲得,スターバックス コーヒー - 駅ビル店,PayPayポイント,-,本人,05012200000696
2026/05/11 08:42:28,509,-,-,-,-,日本,支払い,スターバックス コーヒー - 駅ビル店,クレジット Mastercard 0000,ー回払い,本人,05012200000696
2026/05/11 08:45:51,-,12,-,-,-,日本,ポイント、残高の獲得,丸亀製麺 本町,PayPayポイント,-,本人,05012200000698
2026/05/11 08:45:51,802,-,-,-,-,日本,支払い,丸亀製麺 本町,PayPayあと払い,-,本人,05012200000698
2026/05/11 11:20:33,-,3,-,-,-,日本,ポイント、残高の獲得,タイムズ 中央第2,PayPayポイント,-,本人,05012200000699
2026/05/11 11:20:33,789,-,-,-,-,日本,支払い,タイムズ 中央第2,クレジット Mastercard 0000,ー回払い,本人,05012200000699
2026/05/11 13:35:04,-,20,-,-,-,日本,ポイント、残高の獲得,すき家 - 東口店,PayPayポイント,-,本人,05012200000697
2026/05/11 13:35:04,"1,338",-,-,-,-,日本,支払い,すき家 - 東口店,PayPay残高,-,本人,05012200000697
2026/05/12 16:06:38,980,-,-,-,-,日本,支払い,Spotify,クレジット Mastercard 0000,ー回払い,本人,05012200000679
2026/05/12 17:53:26,-,5,-,-,-,日本,ポイント、残高の獲得,セブン-イレブン 中央一丁目店,PayPayポイント,-,本人,05012200000700
2026/05/12 17:53:26,"1,171",-,-,-,-,日本,支払い,セブン-イレブン 中央一丁目店,PayPay残高,-,本人,05012200000700
2026/05/13 20:19:58,-,19,-,-,-,日本,ポイント、残高の獲得,交通系ICチャージ,PayPayポイント,-,本人,05012200000702
2026/05/13 20:19:58,"1,988",-,-,-,-,日本,支払い,交通系ICチャージ,PayPayあと払い,-,本人,05012200000702
2026/05/13 22:41:44,-,11,-,-,-,日本,ポイント、残高の獲得,セブン-イレブン 中央一丁目店,PayPayポイント,-,本人,05012200000701
2026/05/13 22:41:44,"1,100",-,-,-,-,日本,支払い,セブン-イレブン 中央一丁目店,PayPay残高,-,本人,05012200000701
2026/05/15 10:41:45,"5,242",-,-,-,-,日本,支払い,ガス料金 請求書払い,PayPay残高,-,本人,05012200000681
2026/05/15 14:29:45,-,45,-,-,-,日本,ポイント、残高の獲得,マツモトキヨシ - 東口店,PayPayポイント,-,本人,05012200000704
2026/05/15 14:29:45,"3,048",-,-,-,-,日本,支払い,マツモトキヨシ - 東口店,PayPayあと払い,-,本人,05012200000704
2026/05/15 16:06:51,-,13,-,-,-,日本,ポイント、残高の獲得,丸亀製麺 本町,PayPayポイント,-,本人,05012200000703
2026/05/15 16:06:51,887,-,-,-,-,日本,支払い,丸亀製麺 本町,PayPay残高,-,本人,05012200000703
2026/05/16 19:30:19,-,7,-,-,-,日本,ポイント、残高の獲得,セブン-イレブン 中央一丁目店,PayPayポイント,-,本人,05012200000705
2026/05/16 19:30:19,782,-,-,-,-,日本,支払い,セブン-イレブン 中央一丁目店,PayPay残高,-,本人,05012200000705
2026/05/18 11:13:46,-,6,-,-,-,日本,ポイント、残高の獲得,交通系ICチャージ,PayPayポイント,-,本人,05012200000707
2026/05/18 11:13:46,"1,303",-,-,-,-,日本,支払い,交通系ICチャージ,クレジット Mastercard 0000,ー回払い,本人,05012200000707
2026/05/18 13:22:28,"4,378",-,-,-,-,日本,支払い,ソフトバンク 携帯料金,クレジット Mastercard 0000,ー回払い,本人,05012200000677
2026/05/18 15:29:30,-,18,-,-,-,日本,ポイント、残高の獲得,イオン - 中央店,PayPayポイント,-,本人,05012200000706
2026/05/18 15:29:30,"3,608",-,-,-,-,日本,支払い,イオン - 中央店,クレジット Mastercard 0000,ー回払い,本人,05012200000706
2026/05/20 16:35:07,-,4,-,-,-,日本,ポイント、残高の獲得,ローソン - 駅前店,PayPayポイント,-,本人,05012200000708
2026/05/20 16:35:07,984,-,-,-,-,日本,支払い,ローソン - 駅前店,PayPay残高,-,本人,05012200000708
2026/05/21 10:34:47,-,11,-,-,-,日本,ポイント、残高の獲得,セブン-イレブン 中央一丁目店,PayPayポイント,-,本人,05012200000709
2026/05/21 10:34:47,"1,117",-,-,-,-,日本,支払い,セブン-イレブン 中央一丁目店,PayPay残高,-,本人,05012200000709
2026/05/21 14:46:02,"6,506",-,-,-,-,日本,支払い,電気料金 請求書払い,PayPay残高,-,本人,05012200000680
2026/05/21 19:43:08,-,6,-,-,-,日本,ポイント、残高の獲得,すき家 - 東口店,PayPayポイント,-,本人,05012200000710
2026/05/21 19:43:08,"1,344",-,-,-,-,日本,支払い,すき家 - 東口店,PayPayあと払い,-,本人,05012200000710
2026/05/22 22:16:49,-,2,-,-,-,日本,ポイント、残高の獲得,スターバックス コーヒー - 駅ビル店,PayPayポイント,-,本人,05012200000711
2026/05/22 22:16:49,561,-,-,-,-,日本,支払い,スターバックス コーヒー - 駅ビル店,PayPay残高,-,本人,05012200000711
2026/05/23 19:50:06,-,"20,000",-,-,-,日本,チャージ,PayPay,PayPay残高,-,本人,05012200000683
2026/05/26 17:50:46,-,68,-,-,-,日本,ポイント、残高の獲得,イオン - 中央店,PayPayポイント,-,本人,05012200000712
2026/05/26 17:50:46,"4,588",-,-,-,-,日本,支払い,イオン - 中央店,クレジット Mastercard 0000,ー回払い,本人,05012200000712
2026/05/28 15:47:29,-,11,-,-,-,日本,ポイント、残高の獲得,ダイソー - 中央店,PayPayポイント,-,本人,05012200000713
2026/05/28 15:47:29,792,-,-,-,-,日本,支払い,ダイソー - 中央店,PayPay残高,-,本人,05012200000713
2026/06/01 12:55:47,-,2,-,-,-,日本,ポイント、残高の獲得,スターバックス コーヒー - 駅ビル店,PayPayポイント,-,本人,05012200000721
2026/06/01 12:55:47,569,-,-,-,-,日本,支払い,スターバックス コーヒー - 駅ビル店,クレジット Mastercard 0000,ー回払い,本人,05012200000721
2026/06/01 21:57:28,-,33,-,-,-,日本,ポイント、残高の獲得,Yahoo!ショッピング,PayPayポイント,-,本人,05012200000722
2026/06/01 21:57:28,"6,603",-,-,-,-,日本,支払い,Yahoo!ショッピング,PayPay残高,-,本人,05012200000722
2026/06/02 08:45:38,-,5,-,-,-,日本,ポイント、残高の獲得,ドトールコーヒーショップ - 東口店,PayPayポイント,-,本人,05012200000723
2026/06/02 08:45:38,502,-,-,-,-,日本,支払い,ドトールコーヒーショップ - 東口店,PayPayあと払い,-,本人,05012200000723
2026/06/04 14:16:44,-,59,-,-,-,日本,ポイント、残高の獲得,Amazon.co.jp,PayPayポイント,-,本人,05012200000724
2026/06/04 14:16:44,"11,940",-,-,-,-,日本,支払い,Amazon.co.jp,PayPayあと払い,-,本人,05012200000724
2026/06/05 12:35:20,-,3,-,-,-,日本,ポイント、残高の獲得,セブン-イレブン 中央一丁目店,PayPayポイント,-,本人,05012200000725
2026/06/05 12:35:20,766,-,-,-,-,日本,支払い,セブン-イレブン 中央一丁目店,PayPay残高,-,本人,05012200000725
2026/06/06 08:17:04,-,26,-,-,-,日本,ポイント、残高の獲得,イオン - 中央店,PayPayポイント,-,本人,05012200000726
2026/06/06 08:17:04,"5,221",-,-,-,-,日本,支払い,イオン - 中央店,PayPay残高,-,本人,05012200000726
2026/06/07 11:10:33,-,9,-,-,-,日本,ポイント、残高の獲得,餃子の王将 - 駅前店,PayPayポイント,-,本人,05012200000728
2026/06/07 11:10:33,"1,837",-,-,-,-,日本,支払い,餃子の王将 - 駅前店,PayPay残高,-,本人,05012200000728
2026/06/07 11:44:19,-,4,-,-,-,日本,ポイント、残高の獲得,スターバックス コーヒー - 駅ビル店,PayPayポイント,-,本人,05012200000727
2026/06/07 11:44:19,823,-,-,-,-,日本,支払い,スターバックス コーヒー - 駅ビル店,PayPayあと払い,-,本人,05012200000727
2026/06/08 16:24:14,-,6,-,-,-,日本,ポイント、残高の獲得,マツモトキヨシ - 東口店,PayPayポイント,-,本人,05012200000729
2026/06/08 16:24:14,"1,397",-,-,-,-,日本,支払い,マツモトキヨシ - 東口店,PayPay残高,-,本人,05012200000729
2026/06/08 21:54:20,"1,590",-,-,-,-,日本,支払い,Netflix,クレジット Mastercard 0000,ー回払い,本人,05012200000715
2026/06/11 13:55:01,-,12,-,-,-,日本,ポイント、残高の獲得,Yahoo!ショッピング,PayPayポイント,-,本人,05012200000730
2026/06/11 13:55:01,"2,553",-,-,-,-,日本,支払い,Yahoo!ショッピング,PayPayあと払い,-,本人,05012200000730
2026/06/12 10:03:31,980,-,-,-,-,日本,支払い,Spotify,クレジット Mastercard 0000,ー回払い,本人,05012200000716
2026/06/13 10:01:02,-,32,-,-,-,日本,ポイント、残高の獲得,業務スーパー 中央二丁目店,PayPayポイント,-,本人,05012200000732
2026/06/13 10:01:02,"2,152",-,-,-,-,日本,支払い,業務スーパー 中央二丁目店,PayPay残高,-,本人,05012200000732
2026/06/13 18:59:55,-,5,-,-,-,日本,ポイント、残高の獲得,スターバックス コーヒー - 駅ビル店,PayPayポイント,-,本人,05012200000733
2026/06/13 18:59:55,399,-,-,-,-,日本,支払い,スターバックス コーヒー - 駅ビル店,PayPay残高,-,本人,05012200000733
2026/06/13 20:07:09,-,2,-,-,-,日本,ポイント、残高の獲得,セブン-イレブン 中央一丁目店,PayPayポイント,-,本人,05012200000731
2026/06/13 20:07:09,563,-,-,-,-,日本,支払い,セブン-イレブン 中央一丁目店,PayPay残高,-,本人,05012200000731
2026/06/15 11:22:55,-,25,-,-,-,日本,ポイント、残高の獲得,業務スーパー 中央二丁目店,PayPayポイント,-,本人,05012200000734
2026/06/15 11:22:55,"1,731",-,-,-,-,日本,支払い,業務スーパー 中央二丁目店,PayPay残高,-,本人,05012200000734
2026/06/15 19:25:21,-,"10,000",-,-,-,日本,チャージ,PayPay,PayPay残高,-,本人,05012200000720
2026/06/15 20:07:51,"5,990",-,-,-,-,日本,支払い,ガス料金 請求書払い,PayPay残高,-,本人,05012200000718
2026/06/16 17:05:47,-,27,-,-,-,日本,ポイント、残高の獲得,マツモトキヨシ - 東口店,PayPayポイント,-,本人,05012200000735
2026/06/16 17:05:47,"1,822",-,-,-,-,日本,支払い,マツモトキヨシ - 東口店,PayPay残高,-,本人,05012200000735
2026/06/17 20:10:35,-,6,-,-,-,日本,ポイント、残高の獲得,セブン-イレブン 中央一丁目店,PayPayポイント,-,本人,05012200000736
2026/06/17 20:10:35,693,-,-,-,-,日本,支払い,セブン-イレブン 中央一丁目店,PayPay残高,-,本人,05012200000736
2026/06/17 22:57:05,-,4,-,-,-,日本,ポイント、残高の獲得,ファミリーマート 本町店,PayPayポイント,-,本人,05012200000737
2026/06/17 22:57:05,434,-,-,-,-,日本,支払い,ファミリーマート 本町店,PayPayあと払い,-,本人,05012200000737
2026/06/18 20:09:16,"4,378",-,-,-,-,日本,支払い,ソフトバンク 携帯料金,クレジット Mastercard 0000,ー回払い,本人,05012200000714
2026/06/19 14:31:55,-,19,-,-,-,日本,ポイント、残高の獲得,丸亀製麺 本町,PayPayポイント,-,本人,05012200000738
2026/06/19 14:31:55,"1,280",-,-,-,-,日本,支払い,丸亀製麺 本町,クレジット Mastercard 0000,ー回払い,本人,05012200000738
2026/06/21 07:08:55,"6,553",-,-,-,-,日本,支払い,電気料金 請求書払い,PayPay残高,-,本人,05012200000717
2026/06/22 15:39:54,-,5,-,-,-,日本,ポイント、残高の獲得,ドトールコーヒーショップ - 東口店,PayPayポイント,-,本人,05012200000739
2026/06/22 15:39:54,373,-,-,-,-,日本,支払い,ドトールコーヒーショップ - 東口店,PayPay残高,-,本人,05012200000739
2026/06/23 07:25:29,-,39,-,-,-,日本,ポイント、残高の獲得,スシロー - 大通り店,PayPayポイント,-,本人,05012200000741
2026/06/23 07:25:29,"3,961",-,-,-,-,日本,支払い,スシロー - 大通り店,PayPay残高,-,本人,05012200000741
2026/06/23 21:08:44,-,29,-,-,-,日本,ポイント、残高の獲得,すき家 - 東口店,PayPayポイント,-,本人,05012200000740
2026/06/23 21:08:44,"1,942",-,-,-,-,日本,支払い,すき家 - 東口店,PayPay残高,-,本人,05012200000740
2026/06/25 10:57:01,-,13,-,-,-,日本,ポイント、残高の獲得,マツモトキヨシ - 東口店,PayPayポイント,-,本人,05012200000743
2026/06/25 10:57:01,"2,735",-,-,-,-,日本,支払い,マツモトキヨシ - 東口店,PayPay残高,-,本人,05012200000743
2026/06/25 18:15:51,-,3,-,-,-,日本,ポイント、残高の獲得,丸亀製麺 本町,PayPayポイント,-,本人,05012200000742
2026/06/25 18:15:51,782,-,-,-,-,日本,支払い,丸亀製麺 本町,PayPay残高,-,本人,05012200000742
2026/06/26 14:10:01,-,14,-,-,-,日本,ポイント、残高の獲得,すき家 - 東口店,PayPayポイント,-,本人,05012200000744
2026/06/26 14:10:01,"1,461",-,-,-,-,日本,支払い,すき家 - 東口店,PayPay残高,-,本人,05012200000744
2026/06/27 16:21:57,-,"30,000",-,-,-,日本,チャージ,PayPay,PayPay残高,-,本人,05012200000719
2026/06/28 22:44:00,-,2,-,-,-,日本,ポイント、残高の獲得,セブン-イレブン 中央一丁目店,PayPayポイント,-,本人,05012200000745
2026/06/28 22:44:00,530,-,-,-,-,日本,支払い,セブン-イレブン 中央一丁目店,PayPay残高,-,本人,05012200000745
2026/06/29 17:15:48,-,28,-,-,-,日本,ポイント、残高の獲得,イオン - 中央店,PayPayポイント,-,本人,05012200000746
2026/06/29 17:15:48,"5,700",-,-,-,-,日本,支払い,イオン - 中央店,クレジット Mastercard 0000,ー回払い,本人,05012200000746
2026/06/29 20:09:12,-,9,-,-,-,日本,ポイント、残高の獲得,サイゼリヤ - 中央店,PayPayポイント,-,本人,05012200000747
2026/06/29 20:09:12,"1,890",-,-,-,-,日本,支払い,サイゼリヤ - 中央店,PayPay残高,-,本人,05012200000747
2026/06/30 10:15:00,-,1,-,-,-,日本,ポイント、残高の獲得,ドトールコーヒーショップ - 東口店,PayPayポイント,-,本人,05012200000750
2026/06/30 10:15:00,357,-,-,-,-,日本,支払い,ドトールコーヒーショップ - 東口店,クレジット Mastercard 0000,ー回払い,本人,05012200000750
2026/06/30 10:36:52,-,20,-,-,-,日本,ポイント、残高の獲得,業務スーパー 中央二丁目店,PayPayポイント,-,本人,05012200000749
2026/06/30 10:36:52,"1,355",-,-,-,-,日本,支払い,業務スーパー 中央二丁目店,クレジット Mastercard 0000,ー回払い,本人,05012200000749
2026/06/30 16:07:49,-,41,-,-,-,日本,ポイント、残高の獲得,イオン - 中央店,PayPayポイント,-,本人,05012200000748
2026/06/30 16:07:49,"4,189",-,-,-,-,日本,支払い,イオン - 中央店,PayPay残高,-,本人,05012200000748
2026/07/02 17:34:04,-,30,-,-,-,日本,ポイント、残高の獲得,サイゼリヤ - 中央店,PayPayポイント,-,本人,05012200000758
2026/07/02 17:34:04,"3,024",-,-,-,-,日本,支払い,サイゼリヤ - 中央店,PayPayあと払い,-,本人,05012200000758
2026/07/03 07:38:30,-,31,-,-,-,日本,ポイント、残高の獲得,業務スーパー 中央二丁目店,PayPayポイント,-,本人,05012200000761
2026/07/03 07:38:30,"2,103",-,-,-,-,日本,支払い,業務スーパー 中央二丁目店,PayPayあと払い,-,本人,05012200000761
2026/07/03 11:50:12,-,46,-,-,-,日本,ポイント、残高の獲得,イオン - 中央店,PayPayポイント,-,本人,05012200000760
2026/07/03 11:50:12,"4,639",-,-,-,-,日本,支払い,イオン - 中央店,クレジット Mastercard 0000,ー回払い,本人,05012200000760
2026/07/03 20:40:07,-,3,-,-,-,日本,ポイント、残高の獲得,セブン-イレブン 中央一丁目店,PayPayポイント,-,本人,05012200000759
2026/07/03 20:40:07,723,-,-,-,-,日本,支払い,セブン-イレブン 中央一丁目店,クレジット Mastercard 0000,ー回払い,本人,05012200000759
2026/07/05 08:18:00,-,5,-,-,-,日本,ポイント、残高の獲得,業務スーパー 中央二丁目店,PayPayポイント,-,本人,05012200000763
2026/07/05 08:18:00,"1,083",-,-,-,-,日本,支払い,業務スーパー 中央二丁目店,PayPay残高,-,本人,05012200000763
2026/07/05 11:20:12,-,8,-,-,-,日本,ポイント、残高の獲得,セブン-イレブン 中央一丁目店,PayPayポイント,-,本人,05012200000762
2026/07/05 11:20:12,887,-,-,-,-,日本,支払い,セブン-イレブン 中央一丁目店,PayPayあと払い,-,本人,05012200000762
2026/07/06 20:35:45,-,24,-,-,-,日本,ポイント、残高の獲得,イオン - 中央店,PayPayポイント,-,本人,05012200000764
2026/07/06 20:35:45,"2,409",-,-,-,-,日本,支払い,イオン - 中央店,PayPay残高,-,本人,05012200000764
2026/07/07 21:32:56,-,7,-,-,-,日本,ポイント、残高の獲得,業務スーパー 中央二丁目店,PayPayポイント,-,本人,05012200000765
2026/07/07 21:32:56,"1,481",-,-,-,-,日本,支払い,業務スーパー 中央二丁目店,クレジット Mastercard 0000,ー回払い,本人,05012200000765
2026/07/08 10:49:59,"1,590",-,-,-,-,日本,支払い,Netflix,クレジット Mastercard 0000,ー回払い,本人,05012200000752
2026/07/08 14:49:46,-,18,-,-,-,日本,ポイント、残高の獲得,すき家 - 東口店,PayPayポイント,-,本人,05012200000766
2026/07/08 14:49:46,"1,213",-,-,-,-,日本,支払い,すき家 - 東口店,PayPayあと払い,-,本人,05012200000766
2026/07/09 09:36:37,"5,571",-,-,-,-,日本,支払い,水道料金 請求書払い,PayPay残高,-,本人,05012200000756
2026/07/10 21:44:16,-,12,-,-,-,日本,ポイント、残高の獲得,丸亀製麺 本町,PayPayポイント,-,本人,05012200000767
2026/07/10 21:44:16,"1,242",-,-,-,-,日本,支払い,丸亀製麺 本町,PayPay残高,-,本人,05012200000767
2026/07/11 22:25:58,-,2,-,-,-,日本,ポイント、残高の獲得,スターバックス コーヒー - 駅ビル店,PayPayポイント,-,本人,05012200000768
2026/07/11 22:25:58,418,-,-,-,-,日本,支払い,スターバックス コーヒー - 駅ビル店,PayPay残高,-,本人,05012200000768
2026/07/12 10:55:38,980,-,-,-,-,日本,支払い,Spotify,クレジット Mastercard 0000,ー回払い,本人,05012200000753
2026/07/13 08:17:05,-,7,-,-,-,日本,ポイント、残高の獲得,すき家 - 東口店,PayPayポイント,-,本人,05012200000769
2026/07/13 08:17:05,"1,587",-,-,-,-,日本,支払い,すき家 - 東口店,PayPay残高,-,本人,05012200000769
2026/07/13 17:41:06,-,48,-,-,-,日本,ポイント、残高の獲得,サイゼリヤ - 中央店,PayPayポイント,-,本人,05012200000770
2026/07/13 17:41:06,"3,239",-,-,-,-,日本,支払い,サイゼリヤ - 中央店,PayPay残高,-,本人,05012200000770
2026/07/14 12:54:24,-,7,-,-,-,日本,ポイント、残高の獲得,スターバックス コーヒー - 駅ビル店,PayPayポイント,-,本人,05012200000771
2026/07/14 12:54:24,776,-,-,-,-,日本,支払い,スターバックス コーヒー - 駅ビル店,PayPayあと払い,-,本人,05012200000771
2026/07/15 10:00:06,-,15,-,-,-,日本,ポイント、残高の獲得,丸亀製麺 本町,PayPayポイント,-,本人,05012200000772
2026/07/15 10:00:06,"1,042",-,-,-,-,日本,支払い,丸亀製麺 本町,PayPayあと払い,-,本人,05012200000772
2026/07/15 18:43:12,"6,098",-,-,-,-,日本,支払い,ガス料金 請求書払い,PayPay残高,-,本人,05012200000755
2026/07/16 11:41:57,-,5,-,-,-,日本,ポイント、残高の獲得,セブン-イレブン 中央一丁目店,PayPayポイント,-,本人,05012200000773
2026/07/16 11:41:57,589,-,-,-,-,日本,支払い,セブン-イレブン 中央一丁目店,クレジット Mastercard 0000,ー回払い,本人,05012200000773
2026/07/16 13:26:09,-,5,-,-,-,日本,ポイント、残高の獲得,丸亀製麺 本町,PayPayポイント,-,本人,05012200000774
2026/07/16 13:26:09,"1,071",-,-,-,-,日本,支払い,丸亀製麺 本町,クレジット Mastercard 0000,ー回払い,本人,05012200000774
2026/07/18 12:21:09,-,2,-,-,-,日本,ポイント、残高の獲得,ローソン - 駅前店,PayPayポイント,-,本人,05012200000775
2026/07/18 12:21:09,268,-,-,-,-,日本,支払い,ローソン - 駅前店,PayPay残高,-,本人,05012200000775
2026/07/18 12:45:37,-,5,-,-,-,日本,ポイント、残高の獲得,ドトールコーヒーショップ - 東口店,PayPayポイント,-,本人,05012200000776
2026/07/18 12:45:37,557,-,-,-,-,日本,支払い,ドトールコーヒーショップ - 東口店,PayPayあと払い,-,本人,05012200000776
2026/07/18 13:21:47,"4,378",-,-,-,-,日本,支払い,ソフトバンク 携帯料金,クレジット Mastercard 0000,ー回払い,本人,05012200000751
2026/07/19 20:27:02,-,16,-,-,-,日本,ポイント、残高の獲得,丸亀製麺 本町,PayPayポイント,-,本人,05012200000777
2026/07/19 20:27:02,"1,095",-,-,-,-,日本,支払い,丸亀製麺 本町,PayPay残高,-,本人,05012200000777
2026/07/21 12:24:41,-,12,-,-,-,日本,ポイント、残高の獲得,業務スーパー 中央二丁目店,PayPayポイント,-,本人,05012200000778
2026/07/21 12:24:41,"2,507",-,-,-,-,日本,支払い,業務スーパー 中央二丁目店,PayPayあと払い,-,本人,05012200000778
2026/07/21 17:21:01,"10,710",-,-,-,-,日本,支払い,電気料金 請求書払い,PayPay残高,-,本人,05012200000754
2026/07/21 20:31:54,-,"30,000",-,-,-,日本,チャージ,PayPay,PayPay残高,-,本人,05012200000757
2026/07/22 09:20:04,-,7,-,-,-,日本,ポイント、残高の獲得,スターバックス コーヒー - 駅ビル店,PayPayポイント,-,本人,05012200000780
2026/07/22 09:20:04,513,-,-,-,-,日本,支払い,スターバックス コーヒー - 駅ビル店,クレジット Mastercard 0000,ー回払い,本人,05012200000780
2026/07/22 19:51:44,-,6,-,-,-,日本,ポイント、残高の獲得,業務スーパー 中央二丁目店,PayPayポイント,-,本人,05012200000779
2026/07/22 19:51:44,"1,295",-,-,-,-,日本,支払い,業務スーパー 中央二丁目店,PayPay残高,-,本人,05012200000779
2026/07/23 12:11:07,-,17,-,-,-,日本,ポイント、残高の獲得,業務スーパー 中央二丁目店,PayPayポイント,-,本人,05012200000781
2026/07/23 12:11:07,"1,702",-,-,-,-,日本,支払い,業務スーパー 中央二丁目店,PayPay残高,-,本人,05012200000781
2026/07/23 19:05:42,-,2,-,-,-,日本,ポイント、残高の獲得,タイムズ 中央第2,PayPayポイント,-,本人,05012200000782
2026/07/23 19:05:42,221,-,-,-,-,日本,支払い,タイムズ 中央第2,PayPay残高,-,本人,05012200000782
2026/07/24 11:26:03,-,11,-,-,-,日本,ポイント、残高の獲得,ドン・キホーテ - 大通り店,PayPayポイント,-,本人,05012200000783
2026/07/24 11:26:03,"2,268",-,-,-,-,日本,支払い,ドン・キホーテ - 大通り店,PayPay残高,-,本人,05012200000783
2026/07/24 12:50:43,-,55,-,-,-,日本,ポイント、残高の獲得,Yahoo!ショッピング,PayPayポイント,-,本人,05012200000784
2026/07/24 12:50:43,"5,510",-,-,-,-,日本,支払い,Yahoo!ショッピング,PayPay残高,-,本人,05012200000784
2026/07/26 07:28:47,-,6,-,-,-,日本,ポイント、残高の獲得,ブックオフ - 大通り店,PayPayポイント,-,本人,05012200000786
2026/07/26 07:28:47,412,-,-,-,-,日本,支払い,ブックオフ - 大通り店,PayPay残高,-,本人,05012200000786
2026/07/26 14:29:18,-,42,-,-,-,日本,ポイント、残高の獲得,イオン - 中央店,PayPayポイント,-,本人,05012200000785
2026/07/26 14:29:18,"4,210",-,-,-,-,日本,支払い,イオン - 中央店,PayPay残高,-,本人,05012200000785
2026/07/27 09:36:50,-,27,-,-,-,日本,ポイント、残高の獲得,イオン - 中央店,PayPayポイント,-,本人,05012200000787
2026/07/27 09:36:50,"5,478",-,-,-,-,日本,支払い,イオン - 中央店,PayPayあと払い,-,本人,05012200000787
2026/07/27 12:13:50,-,11,-,-,-,日本,ポイント、残高の獲得,マツモトキヨシ - 東口店,PayPayポイント,-,本人,05012200000788
2026/07/27 12:13:50,746,-,-,-,-,日本,支払い,マツモトキヨシ - 東口店,PayPay残高,-,本人,05012200000788
2026/07/28 16:34:43,-,3,-,-,-,日本,ポイント、残高の獲得,セブン-イレブン 中央一丁目店,PayPayポイント,-,本人,05012200000789
2026/07/28 16:34:43,787,-,-,-,-,日本,支払い,セブン-イレブン 中央一丁目店,クレジット Mastercard 0000,ー回払い,本人,05012200000789
